# ************************************************************
# Sequel Ace SQL dump
# Version 20095
#
# https://sequel-ace.com/
# https://github.com/Sequel-Ace/Sequel-Ace
#
# Host: 127.0.0.1 (MySQL 8.4.5)
# Database: test
# Generation Time: 2025-09-27 11:34:08 +0000
# ************************************************************


/*!40101 SET @OLD_CHARACTER_SET_CLIENT=@@CHARACTER_SET_CLIENT */;
/*!40101 SET @OLD_CHARACTER_SET_RESULTS=@@CHARACTER_SET_RESULTS */;
/*!40101 SET @OLD_COLLATION_CONNECTION=@@COLLATION_CONNECTION */;
SET NAMES utf8mb4;
/*!40014 SET @OLD_FOREIGN_KEY_CHECKS=@@FOREIGN_KEY_CHECKS, FOREIGN_KEY_CHECKS=0 */;
/*!40101 SET @OLD_SQL_MODE='NO_AUTO_VALUE_ON_ZERO', SQL_MODE='NO_AUTO_VALUE_ON_ZERO' */;
/*!40111 SET @OLD_SQL_NOTES=@@SQL_NOTES, SQL_NOTES=0 */;


# Dump of table bill_categories
# ------------------------------------------------------------

DROP TABLE IF EXISTS `bill_categories`;

CREATE TABLE `bill_categories` (
  `id` bigint unsigned NOT NULL AUTO_INCREMENT,
  `owner_id` bigint unsigned NOT NULL,
  `name` varchar(255) COLLATE utf8mb4_unicode_ci NOT NULL,
  `created_at` timestamp NULL DEFAULT NULL,
  `updated_at` timestamp NULL DEFAULT NULL,
  PRIMARY KEY (`id`),
  KEY `bill_categories_owner_id_foreign` (`owner_id`),
  CONSTRAINT `bill_categories_owner_id_foreign` FOREIGN KEY (`owner_id`) REFERENCES `users` (`id`) ON DELETE CASCADE
) ENGINE=InnoDB DEFAULT CHARSET=utf8mb4 COLLATE=utf8mb4_unicode_ci;

LOCK TABLES `bill_categories` WRITE;
/*!40000 ALTER TABLE `bill_categories` DISABLE KEYS */;

INSERT INTO `bill_categories` (`id`, `owner_id`, `name`, `created_at`, `updated_at`)
VALUES
	(1,2,'Electricity','2025-09-27 11:33:44','2025-09-27 11:33:44'),
	(2,2,'Water','2025-09-27 11:33:44','2025-09-27 11:33:44'),
	(3,2,'Gas','2025-09-27 11:33:44','2025-09-27 11:33:44'),
	(4,2,'Maintenance','2025-09-27 11:33:44','2025-09-27 11:33:44'),
	(5,2,'Service Charge','2025-09-27 11:33:44','2025-09-27 11:33:44'),
	(6,3,'Electricity','2025-09-27 11:33:44','2025-09-27 11:33:44'),
	(7,3,'Water','2025-09-27 11:33:44','2025-09-27 11:33:44'),
	(8,3,'Gas','2025-09-27 11:33:44','2025-09-27 11:33:44'),
	(9,3,'Maintenance','2025-09-27 11:33:44','2025-09-27 11:33:44'),
	(10,3,'Service Charge','2025-09-27 11:33:44','2025-09-27 11:33:44'),
	(11,4,'Electricity','2025-09-27 11:33:44','2025-09-27 11:33:44'),
	(12,4,'Water','2025-09-27 11:33:44','2025-09-27 11:33:44'),
	(13,4,'Gas','2025-09-27 11:33:44','2025-09-27 11:33:44'),
	(14,4,'Maintenance','2025-09-27 11:33:44','2025-09-27 11:33:44'),
	(15,4,'Service Charge','2025-09-27 11:33:44','2025-09-27 11:33:44'),
	(16,5,'Electricity','2025-09-27 11:33:44','2025-09-27 11:33:44'),
	(17,5,'Water','2025-09-27 11:33:44','2025-09-27 11:33:44'),
	(18,5,'Gas','2025-09-27 11:33:44','2025-09-27 11:33:44'),
	(19,5,'Maintenance','2025-09-27 11:33:44','2025-09-27 11:33:44'),
	(20,5,'Service Charge','2025-09-27 11:33:44','2025-09-27 11:33:44'),
	(21,6,'Electricity','2025-09-27 11:33:44','2025-09-27 11:33:44'),
	(22,6,'Water','2025-09-27 11:33:44','2025-09-27 11:33:44'),
	(23,6,'Gas','2025-09-27 11:33:44','2025-09-27 11:33:44'),
	(24,6,'Maintenance','2025-09-27 11:33:44','2025-09-27 11:33:44'),
	(25,6,'Service Charge','2025-09-27 11:33:44','2025-09-27 11:33:44'),
	(26,7,'Electricity','2025-09-27 11:33:44','2025-09-27 11:33:44'),
	(27,7,'Water','2025-09-27 11:33:44','2025-09-27 11:33:44'),
	(28,7,'Gas','2025-09-27 11:33:44','2025-09-27 11:33:44'),
	(29,7,'Maintenance','2025-09-27 11:33:44','2025-09-27 11:33:44'),
	(30,7,'Service Charge','2025-09-27 11:33:44','2025-09-27 11:33:44'),
	(31,8,'Electricity','2025-09-27 11:33:44','2025-09-27 11:33:44'),
	(32,8,'Water','2025-09-27 11:33:44','2025-09-27 11:33:44'),
	(33,8,'Gas','2025-09-27 11:33:44','2025-09-27 11:33:44'),
	(34,8,'Maintenance','2025-09-27 11:33:44','2025-09-27 11:33:44'),
	(35,8,'Service Charge','2025-09-27 11:33:44','2025-09-27 11:33:44'),
	(36,9,'Electricity','2025-09-27 11:33:44','2025-09-27 11:33:44'),
	(37,9,'Water','2025-09-27 11:33:44','2025-09-27 11:33:44'),
	(38,9,'Gas','2025-09-27 11:33:44','2025-09-27 11:33:44'),
	(39,9,'Maintenance','2025-09-27 11:33:44','2025-09-27 11:33:44'),
	(40,9,'Service Charge','2025-09-27 11:33:44','2025-09-27 11:33:44'),
	(41,10,'Electricity','2025-09-27 11:33:44','2025-09-27 11:33:44'),
	(42,10,'Water','2025-09-27 11:33:44','2025-09-27 11:33:44'),
	(43,10,'Gas','2025-09-27 11:33:44','2025-09-27 11:33:44'),
	(44,10,'Maintenance','2025-09-27 11:33:44','2025-09-27 11:33:44'),
	(45,10,'Service Charge','2025-09-27 11:33:44','2025-09-27 11:33:44');

/*!40000 ALTER TABLE `bill_categories` ENABLE KEYS */;
UNLOCK TABLES;


# Dump of table bills
# ------------------------------------------------------------

DROP TABLE IF EXISTS `bills`;

CREATE TABLE `bills` (
  `id` bigint unsigned NOT NULL AUTO_INCREMENT,
  `owner_id` bigint unsigned NOT NULL,
  `building_id` bigint unsigned NOT NULL,
  `flat_id` bigint unsigned NOT NULL,
  `bill_category_id` bigint unsigned NOT NULL,
  `month` date NOT NULL,
  `amount` decimal(10,2) NOT NULL,
  `carried_due` decimal(10,2) NOT NULL DEFAULT '0.00',
  `total_due` decimal(10,2) NOT NULL,
  `status` enum('unpaid','paid','partial') COLLATE utf8mb4_unicode_ci NOT NULL DEFAULT 'unpaid',
  `notes` text COLLATE utf8mb4_unicode_ci,
  `created_at` timestamp NULL DEFAULT NULL,
  `updated_at` timestamp NULL DEFAULT NULL,
  PRIMARY KEY (`id`),
  KEY `bills_building_id_foreign` (`building_id`),
  KEY `bills_flat_id_foreign` (`flat_id`),
  KEY `bills_bill_category_id_foreign` (`bill_category_id`),
  KEY `bills_owner_id_flat_id_status_month_index` (`owner_id`,`flat_id`,`status`,`month`),
  KEY `bills_status_index` (`status`),
  CONSTRAINT `bills_bill_category_id_foreign` FOREIGN KEY (`bill_category_id`) REFERENCES `bill_categories` (`id`) ON DELETE CASCADE,
  CONSTRAINT `bills_building_id_foreign` FOREIGN KEY (`building_id`) REFERENCES `buildings` (`id`) ON DELETE CASCADE,
  CONSTRAINT `bills_flat_id_foreign` FOREIGN KEY (`flat_id`) REFERENCES `flats` (`id`) ON DELETE CASCADE,
  CONSTRAINT `bills_owner_id_foreign` FOREIGN KEY (`owner_id`) REFERENCES `users` (`id`) ON DELETE CASCADE
) ENGINE=InnoDB DEFAULT CHARSET=utf8mb4 COLLATE=utf8mb4_unicode_ci;

LOCK TABLES `bills` WRITE;
/*!40000 ALTER TABLE `bills` DISABLE KEYS */;

INSERT INTO `bills` (`id`, `owner_id`, `building_id`, `flat_id`, `bill_category_id`, `month`, `amount`, `carried_due`, `total_due`, `status`, `notes`, `created_at`, `updated_at`)
VALUES
	(1,10,38,371,14,'1970-01-01',1152.00,947.00,1971.00,'partial','Aperiam a aut laborum. Voluptate eveniet eligendi dolorem fuga debitis ut ut. Et qui ratione reiciendis est sit dolorem aperiam nesciunt.','2025-09-27 11:33:44','2025-09-27 11:33:44'),
	(2,4,8,76,45,'1970-01-01',3535.00,3961.00,1820.00,'unpaid','Quo vel et odit molestiae dolorem aperiam. Eaque hic totam et. Modi rerum atque ipsa in voluptatibus est qui. Ut alias fugiat cupiditate nam aliquam consequatur.','2025-09-27 11:33:44','2025-09-27 11:33:44'),
	(3,4,2,15,31,'1970-01-01',3417.00,2662.00,3730.00,'unpaid','Modi fugiat iste non et. Animi saepe eaque aperiam blanditiis qui aut numquam. Quia aut iste et odit. Nisi eligendi sapiente sed quia porro.','2025-09-27 11:33:44','2025-09-27 11:33:44'),
	(4,3,49,485,31,'1970-01-01',1822.00,2951.00,4911.00,'paid','Quibusdam doloremque esse sed quibusdam ratione ut sequi facilis. Eius quisquam commodi est in. Perspiciatis sed et adipisci.','2025-09-27 11:33:44','2025-09-27 11:33:44'),
	(5,10,48,476,20,'1970-01-01',1988.00,4922.00,4881.00,'unpaid','Et voluptas reiciendis autem molestiae. Odio consequuntur quod consequatur quo voluptas. Suscipit quae qui maiores odio nam in dolores.','2025-09-27 11:33:44','2025-09-27 11:33:44'),
	(6,10,29,290,1,'1970-01-01',4873.00,1723.00,3967.00,'paid','Sit assumenda sapiente dolorem quaerat. Non earum impedit sunt. Doloribus voluptatem officiis et sapiente. Aut quos ut velit.','2025-09-27 11:33:44','2025-09-27 11:33:44'),
	(7,9,14,138,20,'1970-01-01',1230.00,4540.00,2824.00,'partial','Est aperiam numquam sapiente excepturi repudiandae voluptate tenetur. Repellat sit velit ut atque deleniti. Ipsum a commodi voluptatem tempora.','2025-09-27 11:33:44','2025-09-27 11:33:44'),
	(8,7,11,101,3,'1970-01-01',4222.00,1544.00,653.00,'paid','Esse voluptatem incidunt doloribus iure et ullam nemo. Assumenda odit quisquam sit voluptas perspiciatis et aspernatur. Fugit soluta optio rem assumenda modi fugiat.','2025-09-27 11:33:44','2025-09-27 11:33:44'),
	(9,8,16,154,25,'1970-01-01',1012.00,3186.00,3784.00,'paid','Temporibus voluptatum et quibusdam tempora. Neque dolorum consequatur dolor at tempore delectus. Nulla quia veniam dignissimos. Voluptates et et ea vero et praesentium vel aspernatur.','2025-09-27 11:33:44','2025-09-27 11:33:44'),
	(10,4,40,392,20,'1970-01-01',3582.00,4402.00,1454.00,'paid','Impedit qui qui aperiam deserunt aut non. Ut porro possimus officia dolorum. Nihil totam ut velit qui eum non omnis. Aspernatur vero libero sit numquam ad. Quisquam velit aut qui a voluptate rerum est ea.','2025-09-27 11:33:44','2025-09-27 11:33:44'),
	(11,7,20,197,6,'1970-01-01',1514.00,4432.00,3875.00,'partial','Saepe asperiores eligendi placeat. Inventore commodi necessitatibus debitis et aliquam id molestias. Voluptates odio ipsam aut totam. Ipsa doloribus quisquam nisi. Et ullam explicabo et possimus eum consequatur.','2025-09-27 11:33:44','2025-09-27 11:33:44'),
	(12,9,32,314,20,'1970-01-01',2044.00,3636.00,1891.00,'unpaid','Consequatur aut velit ea expedita. Dolore eaque voluptatibus molestiae in architecto et. Ea aut voluptas non quis. Distinctio est sed blanditiis porro illo nulla optio.','2025-09-27 11:33:44','2025-09-27 11:33:44'),
	(13,9,32,316,13,'1970-01-01',1922.00,2994.00,1226.00,'unpaid','Culpa quas voluptatem exercitationem. Natus in quas magni ducimus ut quaerat inventore dolorum.','2025-09-27 11:33:44','2025-09-27 11:33:44'),
	(14,2,22,215,32,'1970-01-01',1287.00,2186.00,3691.00,'paid','Cumque enim quibusdam et aperiam. Nesciunt et facilis quam qui voluptatem. Doloremque voluptate ut enim assumenda et autem aperiam.','2025-09-27 11:33:44','2025-09-27 11:33:44'),
	(15,9,25,244,29,'1970-01-01',1039.00,3438.00,4343.00,'unpaid','Enim provident provident mollitia molestiae impedit dolore. Dicta necessitatibus cupiditate suscipit. Possimus nemo optio ea consequatur ad.','2025-09-27 11:33:44','2025-09-27 11:33:44'),
	(16,6,26,255,35,'1970-01-01',3399.00,2308.00,3928.00,'partial','Porro accusamus eveniet dolores enim. Corporis ipsa quos mollitia qui. Sint magnam eaque ut a blanditiis omnis. Beatae aut delectus inventore.','2025-09-27 11:33:44','2025-09-27 11:33:44'),
	(17,2,12,114,40,'1970-01-01',4533.00,3817.00,4521.00,'paid','Aut ex quisquam maxime autem quidem omnis. Consequatur numquam beatae natus animi vel. Modi recusandae consequatur rem sint est qui. Corporis dolor voluptatem voluptate consequuntur nostrum animi magnam.','2025-09-27 11:33:44','2025-09-27 11:33:44'),
	(18,4,34,338,22,'1970-01-01',2140.00,1583.00,3219.00,'paid','Aut et vero minima itaque reiciendis. Aut hic sed assumenda eos rem voluptas.','2025-09-27 11:33:44','2025-09-27 11:33:44'),
	(19,5,44,435,44,'1970-01-01',4603.00,2563.00,4685.00,'partial','Ut enim beatae qui quo fugit sunt. Et pariatur harum voluptas magnam repellendus voluptatum non. Distinctio alias est optio quos.','2025-09-27 11:33:44','2025-09-27 11:33:44'),
	(20,8,35,344,20,'1970-01-01',2528.00,3912.00,781.00,'paid','Praesentium cupiditate et ea assumenda expedita et et. Ut non adipisci commodi iste.','2025-09-27 11:33:44','2025-09-27 11:33:44'),
	(21,10,29,286,31,'1970-01-01',4244.00,2520.00,4464.00,'paid','Et reprehenderit doloribus earum quidem. Et consequatur odio quasi sit dolor. Quasi voluptates id sit hic modi doloremque. Qui recusandae et veniam dolor.','2025-09-27 11:33:44','2025-09-27 11:33:44'),
	(22,8,41,401,33,'1970-01-01',3213.00,2368.00,3632.00,'paid','Nulla quia ea perferendis ut non cupiditate esse. Suscipit in enim non officiis sunt magni ullam. Porro quae nam assumenda doloremque inventore et.','2025-09-27 11:33:44','2025-09-27 11:33:44'),
	(23,5,44,439,43,'1970-01-01',684.00,3510.00,3985.00,'partial','Non et est cupiditate pariatur distinctio non. Sint repellat deserunt consectetur natus sit. Neque omnis dolores et reprehenderit amet.','2025-09-27 11:33:44','2025-09-27 11:33:44'),
	(24,2,22,216,41,'1970-01-01',3238.00,2356.00,4340.00,'paid','Ipsam delectus totam ipsam nobis. Atque cum qui qui quis alias ad fugiat. Voluptatibus sit eum earum omnis praesentium vero doloremque. Reiciendis doloremque non quisquam quo.','2025-09-27 11:33:44','2025-09-27 11:33:44'),
	(25,8,9,89,34,'1970-01-01',1125.00,1490.00,3789.00,'partial','Quasi labore sapiente eum enim iure in asperiores qui. Et consectetur dolorem reiciendis dolore dolor ea est dolores. Autem doloribus omnis minus dolor optio quia consequatur.','2025-09-27 11:33:44','2025-09-27 11:33:44'),
	(26,3,45,450,43,'1970-01-01',685.00,2293.00,3499.00,'partial','Laborum mollitia possimus est aliquam sequi cumque inventore officiis. Earum pariatur voluptatem incidunt eum in. Rem qui iste quidem voluptatem. Sapiente qui pariatur est amet fuga ducimus quia.','2025-09-27 11:33:44','2025-09-27 11:33:44'),
	(27,8,50,499,27,'1970-01-01',2538.00,1515.00,4301.00,'paid','Et quo praesentium qui saepe fuga. Cum quis a mollitia consequatur dolores beatae. Tempore quaerat ex beatae ut repellat porro.','2025-09-27 11:33:44','2025-09-27 11:33:44'),
	(28,3,49,488,1,'1970-01-01',3616.00,804.00,4185.00,'paid','Sed modi nesciunt error esse nobis dicta tempore sequi. Libero quia eos nulla quidem ut rerum rerum. Possimus aliquid dicta neque adipisci tempora ullam. Qui rem aliquam beatae.','2025-09-27 11:33:44','2025-09-27 11:33:44'),
	(29,10,38,377,40,'1970-01-01',978.00,4145.00,1550.00,'partial','Consequatur ipsam quia omnis dolor rerum. Voluptatem facere sunt voluptatum vel. Harum ad quae pariatur quis doloribus eaque.','2025-09-27 11:33:44','2025-09-27 11:33:44'),
	(30,7,11,106,23,'1970-01-01',2539.00,3114.00,4604.00,'partial','Sapiente nemo fugiat dolore ut. Natus natus atque rem non. Perspiciatis voluptatibus ad amet laboriosam cumque sed eos. Doloremque quisquam sed fugiat magni.','2025-09-27 11:33:44','2025-09-27 11:33:44'),
	(31,2,22,217,17,'1970-01-01',4650.00,2003.00,3633.00,'paid','Maxime vel fugit aut esse aut nostrum odit. Ipsam temporibus quibusdam quidem assumenda impedit. Vel quo sint optio quo eum qui. Possimus illo neque officia ipsam quos mollitia officia molestiae.','2025-09-27 11:33:44','2025-09-27 11:33:44'),
	(32,2,36,357,44,'1970-01-01',2562.00,801.00,1437.00,'partial','Sint numquam perspiciatis beatae omnis blanditiis eum. Modi maiores quam illo beatae eum. Ea nobis fugit provident eum ea molestias sequi.','2025-09-27 11:33:44','2025-09-27 11:33:44'),
	(33,2,36,357,11,'1970-01-01',4592.00,1972.00,2297.00,'unpaid','Qui dolores quo hic commodi quae. Optio harum dolorem rerum corporis. Nisi ut maxime quia labore consequuntur temporibus ut aut.','2025-09-27 11:33:44','2025-09-27 11:33:44'),
	(34,7,42,420,7,'1970-01-01',1950.00,1156.00,4873.00,'paid','Est vel et omnis ipsum consequatur et. Veniam sint sint voluptas quod molestiae qui. Asperiores libero ab iste cum non. Dolorem qui nisi iste harum aspernatur eligendi labore. Dolore autem eaque neque nihil ea ducimus rerum.','2025-09-27 11:33:44','2025-09-27 11:33:44'),
	(35,10,38,378,21,'1970-01-01',2069.00,3096.00,4534.00,'unpaid','Vel rerum non enim rerum omnis dolor et. Maiores vitae culpa et ipsum voluptas. Laudantium aut qui exercitationem hic quas ut error. Consectetur non dolorem rerum et deleniti est eum.','2025-09-27 11:33:44','2025-09-27 11:33:44'),
	(36,2,12,116,25,'1970-01-01',2058.00,1887.00,1206.00,'partial','Dolorum quae nihil occaecati ratione. Voluptatem ducimus et assumenda occaecati eius. Distinctio nobis placeat velit rerum laboriosam eaque odit. Sit omnis autem in doloribus. Necessitatibus doloribus dolor et in inventore omnis aliquam.','2025-09-27 11:33:44','2025-09-27 11:33:44'),
	(37,9,14,138,41,'1970-01-01',3869.00,3671.00,3115.00,'paid','Porro amet voluptatem et eos ut minus aut qui. Aut est dolorem quod aut. Et sed quae ad tempore aut voluptates unde velit. Repellat est exercitationem unde praesentium dolorem.','2025-09-27 11:33:44','2025-09-27 11:33:44'),
	(38,9,25,245,36,'1970-01-01',1027.00,2665.00,1870.00,'partial','Aut qui sed earum voluptatem. Veritatis in praesentium ea aut. Illo iure ut odio impedit nostrum sint. Ut ut ut sunt asperiores.','2025-09-27 11:33:44','2025-09-27 11:33:44'),
	(39,6,21,203,13,'1970-01-01',3494.00,3135.00,2236.00,'partial','Sed nihil adipisci reprehenderit molestias eum vero. Est dicta sunt laborum ut eum sed. Ut qui magni nisi non enim. Ratione dolorem id eum autem accusamus itaque.','2025-09-27 11:33:44','2025-09-27 11:33:44'),
	(40,8,27,261,31,'1970-01-01',977.00,4073.00,3141.00,'paid','Ipsa vitae fugit sint est iusto. Expedita consequatur dolor iure impedit explicabo tempore. Magnam voluptas facere aspernatur earum velit et. Expedita earum illo est dignissimos mollitia qui quod hic.','2025-09-27 11:33:44','2025-09-27 11:33:44'),
	(41,8,27,270,39,'1970-01-01',540.00,2568.00,2740.00,'partial','Dolores nihil eos sed nostrum non qui iste. At quam dolor sunt dolore minima. Aut dolorem sequi impedit ut corporis nostrum exercitationem. Fugit animi reiciendis ratione sed nemo ducimus rerum ut.','2025-09-27 11:33:44','2025-09-27 11:33:44'),
	(42,9,32,320,36,'1970-01-01',521.00,3668.00,4887.00,'partial','Odit iusto molestias nulla sit asperiores non consequuntur. Odit eligendi esse reprehenderit a fugiat aut est. Delectus animi possimus facilis sit quaerat amet. Accusantium non non illum voluptas ipsa hic voluptate voluptates.','2025-09-27 11:33:44','2025-09-27 11:33:44'),
	(43,7,11,103,33,'1970-01-01',700.00,4425.00,2051.00,'paid','Aut quae ab rerum harum. Quo cumque fugit quia. Facere sed voluptas dolores commodi voluptatem est vero. Sapiente unde ullam rerum et. Nemo beatae fuga sunt nemo minus quia nemo aut.','2025-09-27 11:33:44','2025-09-27 11:33:44'),
	(44,6,26,259,6,'1970-01-01',4020.00,1230.00,4235.00,'unpaid','Quasi qui error ipsum dolor accusantium error reiciendis eligendi. Distinctio et delectus pariatur et qui. Quia est atque sapiente quo. Consequatur ea quas et facilis dignissimos at.','2025-09-27 11:33:44','2025-09-27 11:33:44'),
	(45,5,44,437,18,'1970-01-01',1537.00,2298.00,3010.00,'partial','Itaque quia ipsa odit recusandae quidem voluptatem rerum harum. Quaerat non sint omnis architecto et perferendis nulla aut. Velit natus sequi in repudiandae sunt. Est a illo ut autem consectetur consequuntur quibusdam.','2025-09-27 11:33:44','2025-09-27 11:33:44'),
	(46,3,23,226,31,'1970-01-01',4495.00,2570.00,4545.00,'paid','Accusantium facilis molestias sit non cum. Dicta et corrupti velit cupiditate accusantium et in. Fuga iure quibusdam autem quo ut aut quisquam. Minima et similique iusto et.','2025-09-27 11:33:44','2025-09-27 11:33:44'),
	(47,7,43,428,35,'1970-01-01',2147.00,3402.00,4519.00,'partial','Et quisquam ut eos velit. Consequatur perferendis error sit similique. Asperiores nihil voluptatem dolor.','2025-09-27 11:33:44','2025-09-27 11:33:44'),
	(48,4,6,57,19,'1970-01-01',4381.00,2732.00,3497.00,'unpaid','Itaque esse ipsum pariatur inventore. Optio eum minima enim illo quis omnis distinctio eum. Non facere non quidem beatae qui animi. Itaque quisquam id in et excepturi maiores consequuntur.','2025-09-27 11:33:44','2025-09-27 11:33:44'),
	(49,2,39,387,7,'1970-01-01',2442.00,1858.00,1984.00,'paid','Consequuntur suscipit eius possimus maiores aliquid. Eligendi minus ea placeat doloribus modi. Nesciunt aperiam praesentium itaque ipsam. Nam modi mollitia alias magnam velit assumenda et.','2025-09-27 11:33:44','2025-09-27 11:33:44'),
	(50,10,38,375,34,'1970-01-01',3663.00,1548.00,525.00,'partial','Saepe adipisci facilis aliquam suscipit impedit esse. Quidem est omnis accusantium ipsum. Voluptatum veritatis neque modi veritatis est dolores.','2025-09-27 11:33:44','2025-09-27 11:33:44'),
	(51,9,1,5,42,'1970-01-01',3241.00,3470.00,4629.00,'partial','A quia unde animi aut maxime. Autem officiis voluptates dolorem praesentium ipsum. Qui sapiente maiores aut itaque aut. Animi eos error doloribus est dignissimos qui nam.','2025-09-27 11:33:44','2025-09-27 11:33:44'),
	(52,8,9,87,21,'1970-01-01',1803.00,1955.00,1339.00,'unpaid','Et recusandae architecto autem voluptatem. Aperiam consectetur corporis modi quisquam libero iure et et. Neque reiciendis et blanditiis in id est dicta. Rerum ducimus debitis quis modi et aut voluptatem.','2025-09-27 11:33:44','2025-09-27 11:33:44'),
	(53,2,31,305,11,'1970-01-01',2819.00,2947.00,4718.00,'paid','Harum aut excepturi minus rerum quod velit. Qui assumenda adipisci cum ut aut beatae. Molestiae id ut quia eos. Deleniti consequuntur reprehenderit doloribus et voluptatum non iure. Totam inventore tempora saepe voluptatem beatae perferendis.','2025-09-27 11:33:44','2025-09-27 11:33:44'),
	(54,10,4,37,6,'1970-01-01',853.00,2576.00,2337.00,'partial','Consequatur asperiores est commodi iure odit. Eos corporis repudiandae unde nesciunt et deleniti ea. Adipisci veniam perferendis reiciendis voluptas quam. Exercitationem et quaerat nihil qui ipsam in. Ab non ut eum perspiciatis blanditiis ipsum.','2025-09-27 11:33:44','2025-09-27 11:33:44'),
	(55,9,32,315,12,'1970-01-01',1822.00,1671.00,863.00,'unpaid','Quisquam ad officiis totam corporis. Quia error animi illo pariatur repellat facilis molestias atque.','2025-09-27 11:33:44','2025-09-27 11:33:44'),
	(56,4,18,171,41,'1970-01-01',3948.00,3889.00,1247.00,'partial','Tenetur mollitia suscipit velit minima. Expedita nihil iure dolorem officiis tenetur voluptatem sequi. Repellat laudantium possimus quas sunt voluptas incidunt aut.','2025-09-27 11:33:44','2025-09-27 11:33:44'),
	(57,8,35,346,16,'1970-01-01',4803.00,4501.00,2628.00,'partial','Earum molestiae itaque ut aut animi minima explicabo. Autem tempore beatae pariatur. Veniam delectus magni dignissimos qui.','2025-09-27 11:33:44','2025-09-27 11:33:44'),
	(58,7,5,45,11,'1970-01-01',2194.00,2318.00,2838.00,'paid','Qui odit autem officiis eaque velit quo dignissimos. Facere praesentium a voluptas provident. Consectetur rerum labore molestias rerum. Et ea maiores dolores totam et rem quidem.','2025-09-27 11:33:44','2025-09-27 11:33:44'),
	(59,8,9,85,12,'1970-01-01',3002.00,2555.00,4887.00,'paid','Magni voluptatem temporibus aliquam. Sint modi omnis quia nemo molestias aliquam. Et explicabo praesentium et cupiditate qui aperiam quam natus. Odit est deleniti sint quis blanditiis facere.','2025-09-27 11:33:44','2025-09-27 11:33:44'),
	(60,5,44,431,37,'1970-01-01',1429.00,1916.00,4507.00,'paid','Non sunt iusto ex qui consequuntur doloribus id culpa. Commodi accusantium est vero ut quis optio.','2025-09-27 11:33:44','2025-09-27 11:33:44'),
	(61,9,14,131,19,'1970-01-01',3877.00,2948.00,1191.00,'paid','Incidunt dolores architecto sequi molestias sit qui provident eum. Ut veniam suscipit est id. Architecto ad nihil qui ea.','2025-09-27 11:33:44','2025-09-27 11:33:44'),
	(62,7,42,419,6,'1970-01-01',1326.00,4816.00,1617.00,'paid','Porro ipsa neque fugit velit voluptatibus repellendus occaecati. Consequatur error nobis nihil quae qui sit est. Molestias corrupti autem dolore quam ut. Inventore ea nisi et autem facere.','2025-09-27 11:33:44','2025-09-27 11:33:44'),
	(63,4,40,392,19,'1970-01-01',1596.00,2517.00,1900.00,'unpaid','Odio et et architecto. Aspernatur laudantium et cumque rerum rerum quo. Dolore voluptas omnis ea qui officiis magnam. Vero alias et eaque ea ea eius.','2025-09-27 11:33:44','2025-09-27 11:33:44'),
	(64,9,25,241,27,'1970-01-01',1797.00,815.00,3726.00,'unpaid','Quam odit earum et et. Alias ipsam porro harum et maxime officiis. Et assumenda possimus consequatur corrupti a ut. In architecto iusto officia eligendi.','2025-09-27 11:33:44','2025-09-27 11:33:44'),
	(65,6,19,182,23,'1970-01-01',4468.00,4994.00,4583.00,'unpaid','Perferendis accusantium quae aperiam libero maiores. Sint sed accusantium doloremque. Autem odit voluptatem sunt dicta et. Doloremque corporis magnam sequi ullam voluptatem quam corporis.','2025-09-27 11:33:44','2025-09-27 11:33:44'),
	(66,9,32,311,8,'1970-01-01',3977.00,2126.00,1737.00,'unpaid','Ex nam incidunt maxime dicta sequi et tempore. Suscipit ut aut dolor. Quas est repellendus molestiae et magnam.','2025-09-27 11:33:44','2025-09-27 11:33:44'),
	(67,8,35,341,11,'1970-01-01',2539.00,2433.00,4857.00,'paid','Error eos doloribus incidunt repellendus omnis delectus. Nulla enim tenetur ut sapiente sunt et. Ipsa occaecati sunt non consequatur odit sed nobis. Nulla aspernatur nostrum ex est vel et modi.','2025-09-27 11:33:44','2025-09-27 11:33:44'),
	(68,3,24,238,44,'1970-01-01',1361.00,3011.00,2915.00,'unpaid','Consequuntur optio quia est tempora perspiciatis. Laborum aut quaerat sit officiis corporis et. Architecto asperiores et laborum. Blanditiis officia eaque dolorem eos laboriosam voluptate.','2025-09-27 11:33:44','2025-09-27 11:33:44'),
	(69,4,8,72,44,'1970-01-01',617.00,3862.00,2275.00,'paid','A reprehenderit et perspiciatis cum ducimus laboriosam saepe. Nemo sit consectetur aliquid fugit incidunt.','2025-09-27 11:33:44','2025-09-27 11:33:44'),
	(70,10,29,290,19,'1970-01-01',4603.00,2758.00,4263.00,'partial','Rerum aspernatur non hic et. Qui iste aut aut sit suscipit dolor sunt. Et rerum aut odit iste beatae quisquam.','2025-09-27 11:33:44','2025-09-27 11:33:44'),
	(71,5,44,437,14,'1970-01-01',3603.00,4372.00,1846.00,'paid','Voluptate qui fugiat consequatur natus tempore officiis veniam voluptatibus. Aut nostrum numquam sequi. Sunt quos facere possimus inventore laborum unde ut.','2025-09-27 11:33:44','2025-09-27 11:33:44'),
	(72,9,25,248,11,'1970-01-01',3047.00,3516.00,1959.00,'unpaid','Officia nisi sint non adipisci. Suscipit voluptatem a exercitationem autem minima. Ut qui qui culpa eum repudiandae. Aperiam dolorem consequatur sunt error.','2025-09-27 11:33:44','2025-09-27 11:33:44'),
	(73,2,12,111,24,'1970-01-01',1183.00,3109.00,1552.00,'unpaid','Eveniet eos aut vero iusto quo asperiores vitae. Quia nulla et veritatis tempora nihil. Sapiente aut excepturi excepturi aliquid fugiat facilis.','2025-09-27 11:33:44','2025-09-27 11:33:44'),
	(74,7,20,192,21,'1970-01-01',2279.00,4962.00,2369.00,'partial','In repellendus ipsam aut dignissimos nulla porro dolores. Impedit natus necessitatibus nihil sequi harum. Tenetur voluptatem nesciunt qui doloremque quaerat quae officiis repellendus. Rerum officiis delectus sit velit et accusamus.','2025-09-27 11:33:44','2025-09-27 11:33:44'),
	(75,3,13,126,40,'1970-01-01',2483.00,4517.00,2357.00,'paid','Qui enim minus aut. Quisquam doloribus tenetur architecto magni consequatur sit. Et accusantium tenetur quos in nobis et quia. Et eveniet aperiam ab est optio fuga dolor. Praesentium aut suscipit rem autem praesentium.','2025-09-27 11:33:44','2025-09-27 11:33:44'),
	(76,4,40,392,1,'1970-01-01',1169.00,2092.00,3324.00,'paid','Ut vel omnis maxime tempora sed. Voluptatum quibusdam facilis aliquid debitis earum. Quasi quia et consequatur eum.','2025-09-27 11:33:44','2025-09-27 11:33:44'),
	(77,5,44,434,2,'1970-01-01',4144.00,2101.00,1967.00,'partial','Id eius alias sit quo impedit. Minima blanditiis labore rerum hic facere perferendis dolorem. Quod temporibus aut est est.','2025-09-27 11:33:44','2025-09-27 11:33:44'),
	(78,3,23,224,22,'1970-01-01',4453.00,1126.00,3705.00,'unpaid','Unde cupiditate repellendus tenetur. Quia vero possimus quia eum quisquam perferendis. Id aliquam saepe neque et velit sint magni. Qui qui in quo ad ipsa.','2025-09-27 11:33:44','2025-09-27 11:33:44'),
	(79,7,20,200,10,'1970-01-01',3771.00,2964.00,2376.00,'partial','Debitis animi ipsum omnis neque iste. Magni saepe nemo aliquam et. Libero inventore earum est sed.','2025-09-27 11:33:44','2025-09-27 11:33:44'),
	(80,9,32,311,17,'1970-01-01',1522.00,4400.00,2445.00,'partial','Pariatur nam magnam et eos voluptate. Voluptatem aut nihil voluptatem atque minus nihil facilis. Atque consequatur enim sequi omnis consequatur sint perferendis.','2025-09-27 11:33:44','2025-09-27 11:33:44'),
	(81,7,42,413,25,'1970-01-01',4337.00,1553.00,3268.00,'paid','Alias voluptates praesentium minus repellat qui non. Nihil dolor exercitationem tempore commodi sunt voluptatem. Fugiat ut et quia quasi dicta voluptatem praesentium.','2025-09-27 11:33:44','2025-09-27 11:33:44'),
	(82,4,2,17,30,'1970-01-01',1527.00,670.00,2696.00,'unpaid','Quae amet autem alias incidunt quo fuga. Dolore consequatur similique saepe minus ut laudantium. Incidunt quo quaerat voluptatibus modi quod.','2025-09-27 11:33:44','2025-09-27 11:33:44'),
	(83,5,44,437,6,'1970-01-01',4739.00,2880.00,963.00,'unpaid','Et rerum mollitia est saepe mollitia quis delectus. Esse vel cupiditate voluptatem sunt est minus. Odit veritatis ut at.','2025-09-27 11:33:44','2025-09-27 11:33:44'),
	(84,4,18,175,41,'1970-01-01',4682.00,4876.00,1627.00,'partial','Quo et dolores dolor earum minima eaque et id. Dicta placeat illum aut repudiandae qui est. Architecto nihil quibusdam ipsum similique distinctio.','2025-09-27 11:33:44','2025-09-27 11:33:44'),
	(85,6,28,277,9,'1970-01-01',781.00,3101.00,4662.00,'paid','Quos unde assumenda sint quisquam. Nesciunt blanditiis sunt non non quasi eum. Ut molestias et excepturi dolorem dolorem. Doloribus labore aut voluptas impedit.','2025-09-27 11:33:44','2025-09-27 11:33:44'),
	(86,9,32,320,8,'1970-01-01',2296.00,1612.00,725.00,'unpaid','Eveniet eum ex ea quia similique. Atque quas voluptatem cum adipisci eius. Dolorem et rem quia doloremque quis ad. Consequuntur molestiae alias magni a maiores voluptatibus et. Repellat qui consequatur laboriosam placeat.','2025-09-27 11:33:44','2025-09-27 11:33:44'),
	(87,2,31,303,31,'1970-01-01',4528.00,635.00,1281.00,'partial','Et aut magnam unde in nesciunt quidem minima. Est possimus quae vitae voluptatem eum assumenda. Placeat enim est ducimus quasi. Nulla pariatur quasi enim incidunt odio alias recusandae. Rerum delectus repudiandae et accusamus ratione sed provident deleniti.','2025-09-27 11:33:44','2025-09-27 11:33:44'),
	(88,3,13,125,10,'1970-01-01',4609.00,4161.00,1271.00,'paid','At recusandae dolores et. Recusandae id sed quod voluptatum sunt facere. Tempora voluptatem voluptas ab nesciunt. Sunt sequi totam eum.','2025-09-27 11:33:44','2025-09-27 11:33:44'),
	(89,4,34,331,45,'1970-01-01',4729.00,3957.00,2244.00,'unpaid','Dignissimos in nam ut et velit facere sequi rerum. Non blanditiis officia sint atque autem assumenda. Et aut qui incidunt eos a veniam omnis.','2025-09-27 11:33:44','2025-09-27 11:33:44'),
	(90,7,20,191,35,'1970-01-01',2491.00,2340.00,1378.00,'paid','Sunt commodi totam culpa. Voluptas eveniet similique iure. Aut quasi tempore delectus. Quis aut et pariatur ut.','2025-09-27 11:33:44','2025-09-27 11:33:44'),
	(91,7,43,422,7,'1970-01-01',3002.00,904.00,3659.00,'unpaid','Est rerum odit voluptatum dolore hic tenetur sit. Qui est eaque iusto enim exercitationem vel inventore. Ut mollitia veniam aspernatur hic enim et.','2025-09-27 11:33:44','2025-09-27 11:33:44'),
	(92,9,25,247,25,'1970-01-01',2267.00,525.00,3350.00,'paid','Unde sapiente quasi et. Sit natus beatae vel odio. At necessitatibus doloremque itaque deserunt necessitatibus. Cum unde eveniet est ipsum voluptas a est.','2025-09-27 11:33:44','2025-09-27 11:33:44'),
	(93,6,21,205,38,'1970-01-01',4053.00,4544.00,1723.00,'unpaid','Eos quasi temporibus omnis similique non vel aperiam. Debitis exercitationem voluptatum corporis cum deserunt in. Et modi odit pariatur error.','2025-09-27 11:33:44','2025-09-27 11:33:44'),
	(94,5,44,431,20,'1970-01-01',2438.00,3521.00,2396.00,'unpaid','Consequatur non sunt eligendi aut. Perferendis nemo esse odio reprehenderit. Cum aut quibusdam recusandae molestias eum. Id et doloremque voluptatem aspernatur quam.','2025-09-27 11:33:44','2025-09-27 11:33:44'),
	(95,3,13,129,17,'1970-01-01',3819.00,1192.00,4982.00,'paid','Quasi beatae et optio. Maxime laudantium molestiae consequatur in dolore quidem quia adipisci. Ratione eveniet eveniet iste quo itaque minima. Nemo eaque sed nemo accusamus facere et praesentium.','2025-09-27 11:33:44','2025-09-27 11:33:44'),
	(96,8,50,497,7,'1970-01-01',3758.00,2221.00,4164.00,'partial','Qui ut nihil voluptas quis. Eum iste illo sunt ut deserunt eaque. Quae itaque laboriosam et aspernatur consequatur blanditiis tenetur tenetur. Vitae ea beatae laudantium earum.','2025-09-27 11:33:44','2025-09-27 11:33:44'),
	(97,2,12,118,34,'1970-01-01',2109.00,1607.00,946.00,'paid','Voluptatibus in maxime dignissimos doloremque repellendus ea. Quis dignissimos quos laudantium nesciunt doloribus vitae. Natus nulla alias consectetur omnis doloribus iusto aut accusantium. Possimus et consectetur quis aut deleniti fugiat.','2025-09-27 11:33:44','2025-09-27 11:33:44'),
	(98,6,28,276,40,'1970-01-01',1407.00,2145.00,3786.00,'partial','Rerum dolorum aperiam eius est perferendis est nihil autem. Qui consequuntur cumque nisi aperiam.','2025-09-27 11:33:44','2025-09-27 11:33:44'),
	(99,10,4,38,38,'1970-01-01',2524.00,3632.00,4019.00,'paid','Totam et fugiat voluptatem omnis incidunt. Earum omnis est officia ut omnis. Eligendi vel illum consequatur quia sit ut animi. Rem dignissimos beatae quia modi voluptatem rem repudiandae. Explicabo eum laudantium eveniet consequuntur.','2025-09-27 11:33:44','2025-09-27 11:33:44'),
	(100,6,28,279,7,'1970-01-01',1987.00,1299.00,3709.00,'paid','Quia et aut soluta alias distinctio. Commodi deserunt nesciunt aut voluptatum nihil et eos rerum. Aut quo dolor nemo culpa facere est. Sint est quia perspiciatis neque fugiat quaerat.','2025-09-27 11:33:44','2025-09-27 11:33:44'),
	(101,10,29,285,2,'1970-01-01',4959.00,2022.00,3963.00,'partial','Temporibus sunt reprehenderit repellendus esse porro est nam. Quia ut corporis voluptas et. Voluptas omnis quo et deleniti. Libero possimus ipsam provident adipisci dicta sed est. Eos commodi officia voluptatum quia deserunt magnam.','2025-09-27 11:33:44','2025-09-27 11:33:44'),
	(102,10,48,472,38,'1970-01-01',2989.00,1431.00,958.00,'paid','Sunt autem doloribus iure voluptatem ea voluptate iusto. Aut consequatur ducimus rerum perspiciatis dolor. Tempora est molestiae suscipit reprehenderit necessitatibus.','2025-09-27 11:33:44','2025-09-27 11:33:44'),
	(103,6,28,274,43,'1970-01-01',1358.00,505.00,770.00,'unpaid','Rerum velit laboriosam pariatur architecto ut illo. Ducimus ut recusandae qui qui reiciendis. Sequi ullam deleniti consequuntur consequatur sit ipsa ut.','2025-09-27 11:33:44','2025-09-27 11:33:44'),
	(104,5,44,439,37,'1970-01-01',2172.00,4862.00,2857.00,'paid','Exercitationem fugiat vel dolorum neque vel facere. Facilis tenetur eum sit dicta quo id quidem. In enim id laboriosam qui magni ut.','2025-09-27 11:33:44','2025-09-27 11:33:44'),
	(105,9,14,139,16,'1970-01-01',4702.00,1433.00,2494.00,'unpaid','Quo fuga ea consequatur dolor vel. Aut neque voluptatibus tempore non quis voluptates consequatur. Aut distinctio placeat quae id inventore. Id id cupiditate sint dolore. Eaque repellendus assumenda similique.','2025-09-27 11:33:44','2025-09-27 11:33:44'),
	(106,4,18,176,25,'1970-01-01',3630.00,2957.00,1310.00,'partial','Rerum error quaerat dolorum maiores rerum eos. Corporis itaque animi hic necessitatibus molestiae. In amet non ut eveniet et illum aut.','2025-09-27 11:33:44','2025-09-27 11:33:44'),
	(107,7,20,199,30,'1970-01-01',4226.00,4166.00,504.00,'partial','Cum dolores officia est adipisci necessitatibus non. Quos non dolor sunt exercitationem et rerum. Distinctio quia aut qui dolorem beatae qui quam.','2025-09-27 11:33:44','2025-09-27 11:33:44'),
	(108,6,28,275,37,'1970-01-01',2157.00,1196.00,1765.00,'paid','Eos quo ad tempore voluptate. Distinctio eos expedita eligendi nisi repellendus et vitae qui. Voluptatem non enim impedit iste beatae aut. Aut et sit ut consequatur rerum nemo.','2025-09-27 11:33:44','2025-09-27 11:33:44'),
	(109,5,44,434,18,'1970-01-01',938.00,3816.00,1098.00,'paid','Tempore amet earum ipsam qui suscipit aut sit. Doloribus dignissimos corrupti id esse corporis. Voluptas sed facilis consequatur possimus nesciunt quas.','2025-09-27 11:33:44','2025-09-27 11:33:44'),
	(110,7,20,193,17,'1970-01-01',2601.00,2400.00,1511.00,'paid','Quam est rerum nulla eaque. Similique illum consectetur doloribus quas optio itaque non praesentium. Optio aut voluptas et ut fugiat enim. Blanditiis et ipsam dignissimos eius.','2025-09-27 11:33:44','2025-09-27 11:33:44'),
	(111,3,37,362,32,'1970-01-01',1203.00,4381.00,965.00,'unpaid','Placeat dignissimos iusto deleniti quasi. Sed rerum quaerat aut qui error. Et earum ea tenetur laboriosam.','2025-09-27 11:33:44','2025-09-27 11:33:44'),
	(112,7,11,109,36,'1970-01-01',3849.00,1570.00,3705.00,'paid','Numquam totam veritatis assumenda voluptatem aliquid veniam aut. Nulla excepturi omnis dolores reiciendis nam. Debitis sapiente cumque libero odit laborum numquam aperiam. Suscipit beatae esse eos nemo facilis.','2025-09-27 11:33:44','2025-09-27 11:33:44'),
	(113,5,44,440,7,'1970-01-01',3456.00,1937.00,916.00,'partial','Blanditiis commodi odit ut ipsum at eveniet. Commodi quis aut dolorum tenetur dolorem. Veniam nemo ipsum officiis illum. Laboriosam est minima maxime sit nulla consectetur id.','2025-09-27 11:33:44','2025-09-27 11:33:44'),
	(114,6,19,185,15,'1970-01-01',868.00,3209.00,2450.00,'partial','Ex tenetur vel soluta quod. Nulla sunt quod quo placeat veniam saepe.','2025-09-27 11:33:44','2025-09-27 11:33:44'),
	(115,7,5,42,9,'1970-01-01',1661.00,4347.00,2528.00,'partial','Est dolores ut quod optio sequi fuga id. Eius exercitationem tempora aliquam atque. Ut iusto ex autem id rem.','2025-09-27 11:33:44','2025-09-27 11:33:44'),
	(116,9,25,245,37,'1970-01-01',3090.00,1459.00,1185.00,'paid','Tenetur eos velit voluptatem unde atque fuga. Sequi labore accusamus velit reprehenderit autem ut ad. Est est exercitationem sed provident reiciendis. Voluptatem consectetur nostrum sint.','2025-09-27 11:33:44','2025-09-27 11:33:44'),
	(117,5,44,437,30,'1970-01-01',4015.00,773.00,1782.00,'paid','At ut culpa et quidem ad provident. Fuga cumque tenetur et facere ut cupiditate recusandae. Molestiae dolorem laudantium ducimus itaque occaecati quasi eaque officia. Qui qui molestiae eos voluptatibus dolores aut dicta.','2025-09-27 11:33:44','2025-09-27 11:33:44'),
	(118,9,25,245,38,'1970-01-01',4310.00,3968.00,4221.00,'paid','Odio rerum porro sed. Qui sint dignissimos accusamus sed. Architecto et eum eos enim quod.','2025-09-27 11:33:44','2025-09-27 11:33:44'),
	(119,8,41,408,36,'1970-01-01',2840.00,2649.00,2168.00,'partial','Harum consequuntur voluptatibus quisquam fuga optio. Dignissimos ut velit soluta et. Omnis esse est eos quo pariatur iure.','2025-09-27 11:33:44','2025-09-27 11:33:44'),
	(120,8,16,151,20,'1970-01-01',2298.00,1178.00,2286.00,'partial','Cum voluptas illum temporibus aut. Est nisi dolorum doloribus alias quisquam. Voluptas labore quia at sit voluptate ipsum perspiciatis adipisci.','2025-09-27 11:33:44','2025-09-27 11:33:44'),
	(121,4,2,19,11,'1970-01-01',3567.00,2905.00,2939.00,'partial','Vel et modi aliquam ab accusantium libero mollitia neque. Facilis quia vel eveniet iusto vitae laudantium fuga. Aut quibusdam rerum ipsa iusto modi qui. Ad qui eius et architecto reiciendis recusandae et.','2025-09-27 11:33:44','2025-09-27 11:33:44'),
	(122,4,2,13,25,'1970-01-01',690.00,3691.00,4044.00,'paid','Accusantium qui dolorem et nisi. Labore repudiandae sint minima deleniti magni omnis dolor. Sunt consequuntur quisquam earum. Accusamus quo dignissimos esse dolores quae et.','2025-09-27 11:33:44','2025-09-27 11:33:44'),
	(123,8,41,404,29,'1970-01-01',4389.00,541.00,2718.00,'partial','Et dolores harum molestiae voluptas alias porro. Harum quam nam soluta aspernatur et. Dicta rerum ut doloremque vel.','2025-09-27 11:33:44','2025-09-27 11:33:44'),
	(124,5,44,438,41,'1970-01-01',2281.00,1024.00,2932.00,'paid','Esse voluptatem architecto autem. Culpa recusandae et officiis. Incidunt repellat voluptatem numquam temporibus tenetur incidunt.','2025-09-27 11:33:44','2025-09-27 11:33:44'),
	(125,8,50,492,44,'1970-01-01',3818.00,514.00,2682.00,'unpaid','Omnis eius eum expedita expedita molestiae commodi accusantium. Ut alias modi et ea ut neque. Voluptas ut earum modi cupiditate architecto corporis.','2025-09-27 11:33:44','2025-09-27 11:33:44'),
	(126,2,31,303,19,'1970-01-01',823.00,1287.00,527.00,'paid','Aspernatur tempora repudiandae ut cupiditate et voluptas eum. Hic et reprehenderit omnis voluptas eum autem. Voluptas saepe qui aut enim eaque dignissimos.','2025-09-27 11:33:44','2025-09-27 11:33:44'),
	(127,4,6,52,8,'1970-01-01',1349.00,2980.00,858.00,'partial','Sed et necessitatibus est numquam numquam et iusto. Maiores amet quis quia. Vel aut quia quia veniam dignissimos. Quia dolorem saepe molestiae aperiam illo beatae impedit.','2025-09-27 11:33:44','2025-09-27 11:33:44'),
	(128,3,13,130,18,'1970-01-01',2207.00,520.00,1236.00,'paid','Nihil magnam sunt est ut voluptatem dolor. Sed qui sed amet et rerum. Eos quisquam ducimus delectus ut.','2025-09-27 11:33:44','2025-09-27 11:33:44'),
	(129,4,2,14,3,'1970-01-01',3820.00,3144.00,4129.00,'partial','Id enim architecto quo occaecati numquam suscipit. Qui odit est sunt et modi ipsam. Ipsum minima autem ipsum doloribus.','2025-09-27 11:33:44','2025-09-27 11:33:44'),
	(130,10,48,472,41,'1970-01-01',4665.00,3946.00,2124.00,'paid','Voluptatem ut quia architecto qui magni. Ut aut odit quibusdam est. Explicabo ut nihil sunt enim et illum similique.','2025-09-27 11:33:44','2025-09-27 11:33:44'),
	(131,7,11,108,12,'1970-01-01',580.00,3253.00,3794.00,'unpaid','Corporis delectus veritatis recusandae voluptatem. Sit et est dignissimos. Quis accusantium sapiente quas distinctio in distinctio eligendi magni. Fuga porro consectetur harum veniam nulla provident.','2025-09-27 11:33:44','2025-09-27 11:33:44'),
	(132,3,13,124,5,'1970-01-01',2249.00,838.00,4863.00,'paid','Culpa quia tempore aut in corporis aut. Incidunt velit quas consectetur quo similique. Quas qui aut assumenda beatae et aut.','2025-09-27 11:33:44','2025-09-27 11:33:44'),
	(133,6,3,30,45,'1970-01-01',4624.00,2581.00,2345.00,'partial','A numquam eos quam nihil nam tempora eligendi. Velit adipisci odio laborum error ducimus. Sapiente occaecati soluta alias ducimus odit ipsum dignissimos deleniti.','2025-09-27 11:33:44','2025-09-27 11:33:44'),
	(134,9,1,10,29,'1970-01-01',2843.00,1271.00,2109.00,'partial','Sit architecto et molestiae voluptas nesciunt consequatur eveniet. Deserunt commodi aut nihil ad. Ducimus doloribus pariatur et.','2025-09-27 11:33:44','2025-09-27 11:33:44'),
	(135,10,38,379,23,'1970-01-01',3147.00,878.00,4484.00,'paid','Quod voluptatem veritatis omnis vero quaerat porro. Labore deserunt in provident recusandae et. Sed harum sit perspiciatis. Error at natus quia. Repellat et reprehenderit non consequatur.','2025-09-27 11:33:44','2025-09-27 11:33:44'),
	(136,5,44,431,40,'1970-01-01',3530.00,2238.00,2968.00,'partial','In eum eligendi ut qui. Corporis commodi corrupti vel maxime vitae officiis similique itaque. In enim ullam earum omnis unde accusamus.','2025-09-27 11:33:44','2025-09-27 11:33:44'),
	(137,2,17,167,36,'1970-01-01',2807.00,4944.00,2401.00,'paid','Ipsa quisquam provident fugiat ut id molestiae soluta laboriosam. Facilis et quod similique vitae necessitatibus voluptate eum. Accusantium dolore tempora excepturi. Consequatur incidunt sit illum culpa est quia debitis. Aperiam iste cum vero hic iste facere est.','2025-09-27 11:33:44','2025-09-27 11:33:44'),
	(138,5,44,437,2,'1970-01-01',2359.00,1879.00,713.00,'paid','Laborum enim ipsa quibusdam aliquam. Voluptatem perspiciatis iste dolores qui non et. Ut accusantium magnam placeat aut et dicta placeat. Dolorem odio ut quia enim tempora quas eius nostrum.','2025-09-27 11:33:44','2025-09-27 11:33:44'),
	(139,9,25,250,6,'1970-01-01',4454.00,2698.00,4647.00,'paid','Qui nisi aspernatur voluptate quia deleniti. Aliquid impedit et reiciendis neque doloribus.','2025-09-27 11:33:44','2025-09-27 11:33:44'),
	(140,7,47,466,3,'1970-01-01',1107.00,4688.00,3866.00,'partial','Sequi dolor doloremque qui dolores. Non minima voluptatem dolorem velit nisi voluptatem sint. Ut veniam neque voluptate omnis.','2025-09-27 11:33:44','2025-09-27 11:33:44'),
	(141,10,29,284,9,'1970-01-01',3058.00,4654.00,2782.00,'unpaid','Sit quod et quisquam hic aut. Qui aut ut quos natus quo. Modi amet rerum beatae aspernatur. Molestias voluptatem maxime est veniam id.','2025-09-27 11:33:44','2025-09-27 11:33:44'),
	(142,5,44,440,30,'1970-01-01',3488.00,2843.00,4237.00,'unpaid','Dolorum dolorem quisquam vitae. Nesciunt dolorum facilis nisi ad molestiae hic expedita cupiditate. Distinctio ipsa officiis officiis.','2025-09-27 11:33:44','2025-09-27 11:33:44'),
	(143,2,36,359,36,'1970-01-01',4016.00,1194.00,678.00,'partial','Non neque saepe quaerat ipsum tenetur. Qui dolores amet veniam rerum. Quis molestiae doloribus nihil qui rem et velit. Et sint sit ut velit quod consequatur.','2025-09-27 11:33:44','2025-09-27 11:33:44'),
	(144,6,46,457,30,'1970-01-01',693.00,2277.00,1796.00,'partial','Deserunt quis est at animi. Ea sed natus quaerat cupiditate vel deserunt quis et. Odit cupiditate libero esse et illum nulla esse sed. Quibusdam sint culpa quo voluptatem.','2025-09-27 11:33:44','2025-09-27 11:33:44'),
	(145,6,28,280,33,'1970-01-01',2348.00,1004.00,3858.00,'unpaid','Voluptatem ab eum quibusdam voluptates similique doloremque dolor necessitatibus. Sunt officiis consequatur cumque quibusdam incidunt dolorem. Magnam ut ex consectetur autem quidem neque ab.','2025-09-27 11:33:44','2025-09-27 11:33:44'),
	(146,7,5,48,29,'1970-01-01',1193.00,3911.00,2436.00,'partial','Tempora sint culpa qui ex repellendus. Ut sit voluptatibus vero ut sit quo veniam libero. Sapiente quia architecto eius tempore dolores.','2025-09-27 11:33:44','2025-09-27 11:33:44'),
	(147,6,7,61,2,'1970-01-01',1670.00,4725.00,3946.00,'unpaid','Sunt sed distinctio non est in sint est est. Aut voluptatem quae molestiae nobis. Laudantium deleniti officiis sed eaque aperiam.','2025-09-27 11:33:44','2025-09-27 11:33:44'),
	(148,2,22,215,19,'1970-01-01',2540.00,827.00,2396.00,'partial','Quibusdam consectetur aspernatur modi. Cumque recusandae iure odit sapiente eveniet tempore. Et reprehenderit eligendi et recusandae beatae suscipit.','2025-09-27 11:33:44','2025-09-27 11:33:44'),
	(149,3,37,361,11,'1970-01-01',4437.00,2316.00,1429.00,'paid','Quae aut consequuntur hic consequatur est. Dolorum quo vitae nisi est. Et incidunt accusamus est ea iure saepe reprehenderit. Doloremque ut in voluptatem optio laborum vitae.','2025-09-27 11:33:44','2025-09-27 11:33:44'),
	(150,7,42,418,1,'1970-01-01',4938.00,4853.00,1145.00,'unpaid','Minima fugit dignissimos eaque consequatur illum dolor. Commodi quis qui nihil. Quia sed voluptas repudiandae neque nam ut.','2025-09-27 11:33:44','2025-09-27 11:33:44'),
	(151,6,26,260,10,'1970-01-01',3921.00,1827.00,1740.00,'partial','Eveniet quia ratione ab et omnis voluptates. Quaerat rerum excepturi iusto nostrum saepe qui ut. Consequuntur vero nostrum assumenda dolor. Quia molestiae eos eos debitis.','2025-09-27 11:33:44','2025-09-27 11:33:44'),
	(152,2,12,114,44,'1970-01-01',2562.00,4429.00,2357.00,'unpaid','Pariatur consequuntur vitae sequi facilis. Non officia alias accusamus aut corrupti vero explicabo. Omnis aspernatur vitae qui est optio magnam id.','2025-09-27 11:33:44','2025-09-27 11:33:44'),
	(153,4,8,80,22,'1970-01-01',2252.00,3755.00,3471.00,'paid','Quia aperiam et perferendis eos similique. Est mollitia nisi est aut velit debitis eos eius. Vel occaecati at placeat vel dignissimos.','2025-09-27 11:33:44','2025-09-27 11:33:44'),
	(154,5,44,440,22,'1970-01-01',3956.00,1738.00,755.00,'paid','Dicta enim est aliquam. Est nihil corporis molestias perferendis rerum. Distinctio a dolor ut nihil qui. Accusamus dolorem quae tempore minus laborum sit dolores.','2025-09-27 11:33:44','2025-09-27 11:33:44'),
	(155,6,21,206,12,'1970-01-01',1098.00,4788.00,3331.00,'unpaid','Saepe praesentium assumenda quia quis. Modi et nihil nihil numquam praesentium. Omnis rerum aspernatur distinctio ullam eum. Ut et architecto facilis rem dicta eveniet nostrum.','2025-09-27 11:33:44','2025-09-27 11:33:44'),
	(156,7,5,46,11,'1970-01-01',3153.00,4384.00,2387.00,'unpaid','Natus earum quas ipsa. Autem temporibus voluptatum maiores. Voluptates cupiditate non itaque labore necessitatibus sunt eius et.','2025-09-27 11:33:44','2025-09-27 11:33:44'),
	(157,6,3,23,34,'1970-01-01',2688.00,1970.00,1295.00,'partial','Quidem repellendus suscipit ut in perspiciatis eius. Esse aspernatur qui consectetur iusto quis quia et expedita. Omnis sint illo perspiciatis quasi fugiat earum.','2025-09-27 11:33:44','2025-09-27 11:33:44'),
	(158,8,9,82,1,'1970-01-01',4796.00,3841.00,1689.00,'paid','Consequuntur in iste atque sit esse non facilis. Non repellat cupiditate veritatis. Quia sit quis quae rem. Voluptas aspernatur quo aut fugit ut.','2025-09-27 11:33:44','2025-09-27 11:33:44'),
	(159,5,44,436,28,'1970-01-01',1286.00,1299.00,3852.00,'partial','Odit corrupti et quod quo porro minima. Non facere tenetur voluptatem quaerat. Suscipit magnam velit aperiam inventore rerum perferendis earum.','2025-09-27 11:33:44','2025-09-27 11:33:44'),
	(160,4,6,57,1,'1970-01-01',4471.00,1460.00,3648.00,'unpaid','Dolore excepturi eos possimus vero. Ad eos molestias ut ab. Aspernatur aut architecto eum unde reiciendis hic et.','2025-09-27 11:33:44','2025-09-27 11:33:44'),
	(161,9,25,242,35,'1970-01-01',588.00,1729.00,4487.00,'paid','Adipisci quo voluptate nemo inventore eos harum perferendis. Dolor qui adipisci maxime eos.','2025-09-27 11:33:44','2025-09-27 11:33:44'),
	(162,6,7,68,40,'1970-01-01',3396.00,2482.00,1388.00,'partial','Non aspernatur voluptatibus eligendi odio. Repellendus ad officia tenetur nemo molestias nisi. Maxime similique minima eveniet numquam et qui. Quis autem nobis non repellat repellat aperiam sit sit.','2025-09-27 11:33:44','2025-09-27 11:33:44'),
	(163,5,44,435,15,'1970-01-01',1239.00,4048.00,1903.00,'paid','Temporibus dolorem architecto quis ut ratione. Soluta eum vel ut delectus.','2025-09-27 11:33:44','2025-09-27 11:33:44'),
	(164,10,4,40,8,'1970-01-01',890.00,2533.00,2429.00,'partial','Quis dolor quia autem voluptates praesentium sequi alias. Quaerat et et aut aperiam cum voluptas. Dolor illo voluptas voluptates sapiente illum. Soluta iusto nisi iste ratione.','2025-09-27 11:33:44','2025-09-27 11:33:44'),
	(165,9,14,131,30,'1970-01-01',4968.00,2123.00,4138.00,'partial','Sit cumque deleniti non consequatur. Possimus explicabo amet amet cum accusantium qui. Non iure impedit quis. Veniam dolorum sit corporis est id ipsam fuga.','2025-09-27 11:33:44','2025-09-27 11:33:44'),
	(166,3,24,240,44,'1970-01-01',2546.00,2885.00,3568.00,'partial','Ut accusantium quos velit amet dolor nostrum. Delectus voluptatem eos dolores nihil voluptatibus nisi. Ipsum laudantium quisquam debitis laborum. Minus rerum sed dignissimos ea.','2025-09-27 11:33:44','2025-09-27 11:33:44'),
	(167,10,4,33,13,'1970-01-01',580.00,3921.00,1672.00,'unpaid','Sequi assumenda placeat cumque sint voluptatem nam. Aspernatur sit ea sint atque. Pariatur labore quia hic quisquam. Sint culpa rerum cupiditate.','2025-09-27 11:33:44','2025-09-27 11:33:44'),
	(168,2,17,164,4,'1970-01-01',853.00,4753.00,503.00,'paid','Consectetur laboriosam eaque incidunt tenetur nesciunt. Facere quo soluta ipsam officiis voluptatum dolorum aut. Ut omnis sed voluptatem adipisci. Itaque qui voluptate ea aut quisquam qui.','2025-09-27 11:33:44','2025-09-27 11:33:44'),
	(169,5,44,439,4,'1970-01-01',3188.00,2995.00,2111.00,'paid','Perspiciatis eum omnis perferendis minus ut dicta commodi vel. Omnis voluptatum aut occaecati.','2025-09-27 11:33:44','2025-09-27 11:33:44'),
	(170,10,48,472,20,'1970-01-01',1503.00,2838.00,526.00,'paid','Enim amet quisquam deleniti possimus. Ut ex officiis totam molestiae quasi officia omnis. Et aperiam unde dolor pariatur vitae in labore. Id laborum maxime porro pariatur. Laudantium explicabo facilis possimus dolorem necessitatibus ipsum.','2025-09-27 11:33:44','2025-09-27 11:33:44'),
	(171,6,33,324,3,'1970-01-01',4994.00,3386.00,2783.00,'paid','Tempore quibusdam quia vitae ut repellat animi. Omnis rem et voluptatem et esse quod.','2025-09-27 11:33:44','2025-09-27 11:33:44'),
	(172,8,50,499,39,'1970-01-01',4460.00,947.00,1607.00,'paid','Sunt qui id accusantium labore. Facere sit officia quod placeat quasi labore. Placeat dolores rerum fuga eveniet ea nihil. Delectus in et omnis impedit nemo natus.','2025-09-27 11:33:44','2025-09-27 11:33:44'),
	(173,3,30,299,37,'1970-01-01',3399.00,3340.00,2185.00,'partial','Atque ipsa molestiae odit quis est natus est sunt. Culpa adipisci porro quo ut voluptates molestiae officiis. Fugiat vero adipisci dolor illum. Voluptatibus architecto placeat ut ea facere dolorem quam cupiditate.','2025-09-27 11:33:44','2025-09-27 11:33:44'),
	(174,8,41,410,13,'1970-01-01',3568.00,502.00,4029.00,'unpaid','Similique magni facilis ut exercitationem velit modi eaque ducimus. Qui reiciendis sit similique est amet atque sint. Ut nobis quis sequi aspernatur non error. Sunt autem iure fugiat accusamus reiciendis. Repudiandae neque perferendis voluptas eos quia nobis et.','2025-09-27 11:33:44','2025-09-27 11:33:44'),
	(175,8,16,156,28,'1970-01-01',4816.00,2253.00,3352.00,'partial','Quos velit qui ullam nobis deserunt nemo voluptatem. Necessitatibus non adipisci quo. Sed repudiandae deserunt voluptatem sapiente fugit.','2025-09-27 11:33:44','2025-09-27 11:33:44'),
	(176,6,21,208,42,'1970-01-01',4461.00,514.00,4305.00,'unpaid','Qui est voluptatem inventore alias velit quia occaecati. Ipsum nam omnis nulla quaerat. Occaecati voluptatibus rem est ut. Ipsum ipsam non consequatur modi.','2025-09-27 11:33:44','2025-09-27 11:33:44'),
	(177,2,12,112,22,'1970-01-01',4276.00,4763.00,1631.00,'paid','Voluptas voluptatem voluptate sit numquam assumenda. Optio eum quia aspernatur quis ipsam quos nobis. Cupiditate aut voluptatem dolorem repellat aspernatur.','2025-09-27 11:33:44','2025-09-27 11:33:44'),
	(178,3,15,150,23,'1970-01-01',4679.00,687.00,1219.00,'unpaid','Ratione voluptas modi itaque labore quo officia assumenda. Veniam at hic et veritatis debitis delectus autem.','2025-09-27 11:33:44','2025-09-27 11:33:44'),
	(179,10,38,375,9,'1970-01-01',4357.00,2097.00,1764.00,'partial','Architecto temporibus quisquam eum vel fuga. Culpa recusandae vero recusandae porro et. Et repudiandae cum alias quod quisquam.','2025-09-27 11:33:44','2025-09-27 11:33:44'),
	(180,10,4,39,16,'1970-01-01',1807.00,2840.00,4499.00,'partial','Repellat animi eum minima quia minima harum consequatur qui. Temporibus officiis illum officia laboriosam vitae rerum. Aut eos non fugit veniam esse sed tempore ut. Voluptatem suscipit alias praesentium quia sapiente.','2025-09-27 11:33:44','2025-09-27 11:33:44'),
	(181,6,33,328,10,'1970-01-01',1256.00,4956.00,856.00,'paid','Aut iure et repudiandae vel et voluptatem. Laudantium vitae voluptatem sint in qui molestiae omnis. Ab voluptas aut cum non sit ex est.','2025-09-27 11:33:44','2025-09-27 11:33:44'),
	(182,4,10,92,24,'1970-01-01',1607.00,2927.00,1183.00,'partial','Dolorem fugit illo et et. Et tempora omnis placeat voluptatem vel doloremque. Quos cupiditate doloribus suscipit minus eos ipsam. Illo id voluptates autem occaecati.','2025-09-27 11:33:44','2025-09-27 11:33:44'),
	(183,2,12,117,24,'1970-01-01',1137.00,1122.00,3166.00,'paid','Ex enim animi voluptas ea a reiciendis. Sint tenetur voluptate pariatur et voluptate id dolorem. Mollitia eos velit ab nam sit porro. Ex animi est dolor est omnis. Cum architecto ratione placeat rem soluta id.','2025-09-27 11:33:44','2025-09-27 11:33:44'),
	(184,3,24,238,28,'1970-01-01',2431.00,3277.00,3828.00,'paid','Similique sint sapiente rerum temporibus hic. Perspiciatis amet et est rerum. Adipisci non minima eum sed iste alias. Aperiam ea perspiciatis qui consequatur est commodi nesciunt.','2025-09-27 11:33:44','2025-09-27 11:33:44'),
	(185,9,32,311,41,'1970-01-01',1970.00,4859.00,1453.00,'unpaid','Commodi quo fugiat eum perspiciatis. Repudiandae quod qui nobis commodi. Natus voluptatem ut unde quae a. Incidunt quasi sint soluta ipsa veniam explicabo pariatur.','2025-09-27 11:33:44','2025-09-27 11:33:44'),
	(186,7,11,109,21,'1970-01-01',2544.00,785.00,3640.00,'partial','Corrupti ratione est perspiciatis similique. Magnam odit corrupti eum. Provident consectetur vitae non et temporibus aliquid.','2025-09-27 11:33:44','2025-09-27 11:33:44'),
	(187,5,44,440,6,'1970-01-01',3812.00,2086.00,1645.00,'unpaid','Totam rerum consequatur rerum corrupti. Aut illum est quia expedita. Voluptas similique natus iste.','2025-09-27 11:33:44','2025-09-27 11:33:44'),
	(188,3,37,367,35,'1970-01-01',2926.00,4922.00,1955.00,'partial','Ea quas pariatur laboriosam qui ea. Fuga dolor voluptatem officiis quidem nesciunt tempora pariatur. Blanditiis dolor ut architecto et.','2025-09-27 11:33:44','2025-09-27 11:33:44'),
	(189,8,9,88,26,'1970-01-01',2459.00,3960.00,3451.00,'paid','Temporibus voluptatibus tempora repellat porro. Ea in ea ut sit officiis. Dolores assumenda non id cupiditate commodi consequatur. Delectus soluta earum aliquid dicta optio.','2025-09-27 11:33:44','2025-09-27 11:33:44'),
	(190,9,14,138,31,'1970-01-01',2977.00,2955.00,2132.00,'partial','Laudantium harum aliquam enim et. Recusandae a suscipit ea. Amet eveniet iusto qui harum hic blanditiis vitae.','2025-09-27 11:33:44','2025-09-27 11:33:44'),
	(191,7,42,418,17,'1970-01-01',3425.00,2997.00,3160.00,'unpaid','Ab voluptatem sapiente veritatis quo. Neque quas laboriosam veritatis. Corporis quas repellat provident nemo odio. Ea corporis ut quis et adipisci possimus.','2025-09-27 11:33:44','2025-09-27 11:33:44'),
	(192,5,44,431,33,'1970-01-01',3375.00,2193.00,567.00,'partial','Dolor nesciunt aperiam ea. Quasi ipsam et aperiam optio. Nihil pariatur distinctio illum non aperiam rerum sit tempora. Modi maxime aut possimus nam tenetur ab eius.','2025-09-27 11:33:44','2025-09-27 11:33:44'),
	(193,8,9,81,11,'1970-01-01',3203.00,4633.00,638.00,'partial','Occaecati rerum nemo quasi rem. Sunt in cupiditate saepe qui. Libero adipisci magnam nam.','2025-09-27 11:33:44','2025-09-27 11:33:44'),
	(194,6,26,256,3,'1970-01-01',3991.00,4211.00,1213.00,'partial','Voluptas quo dolorem voluptatem harum possimus ea beatae. Nostrum assumenda dolorum quam error. Voluptas delectus aut labore tempore qui laboriosam quae. Quis dolor unde quo iure.','2025-09-27 11:33:44','2025-09-27 11:33:44'),
	(195,9,25,244,7,'1970-01-01',781.00,2372.00,4047.00,'unpaid','Ut repellendus nemo vero voluptatibus neque dolore. Porro enim rerum vel velit nisi excepturi.','2025-09-27 11:33:44','2025-09-27 11:33:44'),
	(196,8,35,345,41,'1970-01-01',3713.00,3555.00,2308.00,'paid','Animi assumenda mollitia quia consequuntur numquam voluptatem animi. Sunt ut ab officiis aut consequuntur ullam pariatur. Assumenda commodi est quo. Enim molestiae mollitia vero ratione qui enim adipisci.','2025-09-27 11:33:44','2025-09-27 11:33:44'),
	(197,4,40,396,24,'1970-01-01',2109.00,1608.00,3196.00,'partial','Qui aperiam in ipsum eveniet quae aut nisi soluta. Necessitatibus at totam fugit consequatur in. Commodi distinctio est quia exercitationem et. Perferendis laboriosam repellendus qui dolorem rerum.','2025-09-27 11:33:44','2025-09-27 11:33:44'),
	(198,5,44,436,3,'1970-01-01',4354.00,725.00,4402.00,'paid','Iure ea autem nesciunt excepturi. Illum voluptatem ut perspiciatis possimus. Mollitia accusantium aperiam expedita quibusdam reiciendis occaecati. Quis sed voluptas assumenda quae. Sunt vero minima quidem voluptate.','2025-09-27 11:33:44','2025-09-27 11:33:44'),
	(199,6,33,330,43,'1970-01-01',2293.00,2803.00,2174.00,'paid','Laudantium quos necessitatibus quam temporibus neque. Ipsum consequatur est qui dicta modi. Expedita nostrum quia et vel.','2025-09-27 11:33:44','2025-09-27 11:33:44'),
	(200,4,8,80,9,'1970-01-01',4912.00,3105.00,1792.00,'unpaid','Qui quidem tenetur placeat. Cupiditate occaecati assumenda ipsum voluptas. Atque quaerat accusantium veritatis perspiciatis.','2025-09-27 11:33:44','2025-09-27 11:33:44'),
	(201,6,7,65,16,'1970-01-01',2068.00,4640.00,2207.00,'paid','Aut nisi molestiae eos tempore provident illum. Aspernatur id ipsum rerum et molestiae. Vel voluptas blanditiis molestiae dolores. Dolore quia accusamus nemo et tempora est ab.','2025-09-27 11:33:44','2025-09-27 11:33:44'),
	(202,9,25,248,11,'1970-01-01',3846.00,1333.00,4948.00,'paid','Unde commodi et facilis impedit. Enim iste quam et id qui provident modi et. Doloribus sint dolor qui voluptas modi. In nam ea voluptatem in minus est.','2025-09-27 11:33:44','2025-09-27 11:33:44'),
	(203,5,44,435,5,'1970-01-01',2566.00,3183.00,4816.00,'paid','Magni adipisci illo magni vero sunt repellendus. Aliquid quia accusantium similique sunt qui ipsa ea. Facilis odit ab magni a adipisci et et. Eveniet enim est temporibus esse ut fugit cupiditate velit.','2025-09-27 11:33:44','2025-09-27 11:33:44'),
	(204,3,45,446,19,'1970-01-01',1167.00,1219.00,2641.00,'unpaid','Nostrum enim est cumque nihil consequuntur eum occaecati. Voluptas nobis quaerat ratione dolores ducimus dolorem. Veritatis et nam quod et quia voluptatem doloribus.','2025-09-27 11:33:44','2025-09-27 11:33:44'),
	(205,4,34,332,30,'1970-01-01',4281.00,3463.00,3545.00,'paid','Voluptates voluptates esse qui voluptatem. Corrupti voluptatem mollitia architecto aut alias. Nihil quod ut eligendi officiis quis. Quod natus nobis aut aut incidunt provident.','2025-09-27 11:33:44','2025-09-27 11:33:44'),
	(206,2,31,307,29,'1970-01-01',1443.00,4763.00,1973.00,'unpaid','Ut repudiandae sunt quam omnis est. Ad nihil voluptatem optio magnam itaque sapiente. Dicta et adipisci illum reiciendis corrupti.','2025-09-27 11:33:44','2025-09-27 11:33:44'),
	(207,5,44,438,45,'1970-01-01',4310.00,1548.00,4988.00,'partial','Non unde beatae illo fugiat. Et optio reprehenderit impedit voluptates alias quis fuga. Eum rerum suscipit debitis voluptatem hic. Quis cum maxime pariatur eius dolor consequatur est. Et odio tempore aliquam eaque iusto qui suscipit.','2025-09-27 11:33:44','2025-09-27 11:33:44'),
	(208,4,40,398,11,'1970-01-01',3975.00,4889.00,4096.00,'partial','Voluptates reiciendis sit fuga inventore adipisci alias eos. Tenetur qui iure aut tempora vel architecto quas. Voluptatem porro deserunt molestias error animi incidunt. Enim officia voluptate vel dolorem illo ipsum libero recusandae.','2025-09-27 11:33:44','2025-09-27 11:33:44'),
	(209,8,41,405,42,'1970-01-01',3305.00,1469.00,3019.00,'unpaid','Voluptas omnis dolorum quidem est totam. Vel ad odit laborum tempore. Voluptatem et recusandae earum. Nisi mollitia vel doloribus doloribus et recusandae aut est.','2025-09-27 11:33:44','2025-09-27 11:33:44'),
	(210,5,44,437,44,'1970-01-01',1054.00,804.00,1400.00,'paid','Facilis reiciendis est similique sit nihil. Cumque et dolores excepturi veniam amet odit. Natus suscipit mollitia perspiciatis facilis fugit qui et ipsa.','2025-09-27 11:33:44','2025-09-27 11:33:44'),
	(211,8,16,152,25,'1970-01-01',3341.00,4056.00,1084.00,'partial','Quia nulla quae rerum consequuntur. Maxime laudantium placeat repellat aut minus consequatur culpa. Cum necessitatibus vel repudiandae omnis.','2025-09-27 11:33:44','2025-09-27 11:33:44'),
	(212,10,48,475,9,'1970-01-01',963.00,2772.00,4627.00,'partial','Qui voluptatem magnam voluptatem sed voluptates rerum. Consequatur quia et sapiente id. Asperiores voluptas itaque nam.','2025-09-27 11:33:44','2025-09-27 11:33:44'),
	(213,5,44,433,30,'1970-01-01',2880.00,624.00,1262.00,'unpaid','Minima ab occaecati in et natus. Aspernatur dolores asperiores molestiae at enim architecto inventore. Et iure possimus modi rerum. Quae occaecati quasi necessitatibus soluta nihil debitis.','2025-09-27 11:33:44','2025-09-27 11:33:44'),
	(214,6,3,24,42,'1970-01-01',1653.00,4053.00,2242.00,'paid','Laudantium eum commodi omnis. Impedit harum est autem voluptas facere excepturi. Voluptas non veniam nihil officiis dolores repellendus maiores voluptatem. Voluptates et dolor nisi.','2025-09-27 11:33:44','2025-09-27 11:33:44'),
	(215,9,14,131,22,'1970-01-01',853.00,599.00,4073.00,'paid','Ea iure ut asperiores voluptate et in. Error sequi quos iste corrupti est libero est non. Id qui reprehenderit voluptatibus consectetur debitis. Ut ut voluptatem et doloribus.','2025-09-27 11:33:44','2025-09-27 11:33:44'),
	(216,9,32,318,25,'1970-01-01',4961.00,2507.00,4359.00,'partial','Consequatur omnis totam non a eos expedita. Saepe ut aut sit quidem eligendi est praesentium ut. Natus sed error consequatur voluptatum sint sed voluptate.','2025-09-27 11:33:44','2025-09-27 11:33:44'),
	(217,7,42,413,7,'1970-01-01',2841.00,2350.00,781.00,'unpaid','Qui qui et suscipit non pariatur. Aut veritatis excepturi aspernatur laboriosam ab. Rerum ea voluptatem reprehenderit suscipit illo magni. Qui architecto accusantium laboriosam sit voluptatem incidunt voluptas.','2025-09-27 11:33:44','2025-09-27 11:33:44'),
	(218,3,15,145,33,'1970-01-01',2583.00,4692.00,2829.00,'partial','Molestiae perspiciatis repellat molestiae hic. Id sit optio fuga sapiente nemo incidunt libero. Dolores voluptatem qui delectus impedit. Id dolores eos vero labore nesciunt et.','2025-09-27 11:33:44','2025-09-27 11:33:44'),
	(219,4,18,177,12,'1970-01-01',1634.00,2873.00,3819.00,'partial','Consequatur impedit quia in quo. Rerum voluptatem dolorum a. Quisquam occaecati aut cupiditate illo quo quo aperiam.','2025-09-27 11:33:44','2025-09-27 11:33:44'),
	(220,2,31,303,21,'1970-01-01',3600.00,4120.00,4177.00,'paid','Reprehenderit provident est expedita excepturi quia unde sapiente consectetur. Voluptas aperiam dicta itaque cum pariatur dolorum voluptatem. Et quia harum molestiae mollitia vero et.','2025-09-27 11:33:44','2025-09-27 11:33:44'),
	(221,3,49,486,34,'1970-01-01',1912.00,2049.00,4228.00,'unpaid','Expedita dignissimos dolores blanditiis et repellat blanditiis voluptatem. Qui nam mollitia amet atque atque reiciendis error. Quia facilis rem voluptatibus sunt sequi.','2025-09-27 11:33:44','2025-09-27 11:33:44'),
	(222,10,38,373,35,'1970-01-01',4906.00,3584.00,4982.00,'paid','Et enim qui quia quidem dignissimos provident incidunt. Quod harum enim similique quia nemo consequatur architecto. Officia dolorem porro sint qui molestias aut asperiores aut.','2025-09-27 11:33:44','2025-09-27 11:33:44'),
	(223,6,21,203,4,'1970-01-01',1942.00,568.00,3769.00,'unpaid','Dolorum sunt consequatur et expedita veritatis nemo sit. Ipsa et itaque ab. Eum sunt commodi consequatur modi aliquam.','2025-09-27 11:33:44','2025-09-27 11:33:44'),
	(224,7,42,414,7,'1970-01-01',1192.00,2679.00,1517.00,'paid','Et quam omnis dolorem adipisci vel id voluptatem qui. Expedita autem perferendis quos. Officiis voluptatem hic sapiente. Rerum quod aspernatur ut illum doloribus dolor rerum.','2025-09-27 11:33:44','2025-09-27 11:33:44'),
	(225,9,14,139,8,'1970-01-01',505.00,3272.00,826.00,'paid','Soluta pariatur qui impedit nostrum ut. Enim consequatur vel et odit repudiandae. Aliquid et soluta nisi et consectetur enim.','2025-09-27 11:33:44','2025-09-27 11:33:44'),
	(226,8,41,406,4,'1970-01-01',4466.00,3677.00,3095.00,'partial','Nisi sint non illum et laboriosam. Dolores debitis corrupti voluptatum enim et dolore cumque. Labore omnis commodi consequuntur totam illum harum debitis.','2025-09-27 11:33:44','2025-09-27 11:33:44'),
	(227,5,44,434,44,'1970-01-01',2644.00,1108.00,2275.00,'partial','Voluptatem unde architecto pariatur inventore temporibus quia quisquam. Nulla nam cumque sint praesentium aut. Sint enim dolor enim.','2025-09-27 11:33:44','2025-09-27 11:33:44'),
	(228,3,13,127,7,'1970-01-01',1016.00,1084.00,3391.00,'unpaid','Rerum aut totam sunt vel ipsum. Porro adipisci in dolor. Cumque consequatur velit architecto ex quia.','2025-09-27 11:33:44','2025-09-27 11:33:44'),
	(229,4,6,54,29,'1970-01-01',1970.00,2970.00,4668.00,'paid','Nihil quos vero eius ex pariatur totam. Et iure expedita asperiores dolores eligendi quia voluptas. Fugiat est id reiciendis minima repellat quas. Odit expedita rerum iusto et repudiandae est.','2025-09-27 11:33:44','2025-09-27 11:33:44'),
	(230,9,25,250,37,'1970-01-01',1950.00,2841.00,3268.00,'unpaid','Et minus veritatis ex similique et. Sed qui autem dolores autem non. Ad optio debitis fuga.','2025-09-27 11:33:44','2025-09-27 11:33:44'),
	(231,8,27,270,10,'1970-01-01',4971.00,4038.00,3013.00,'unpaid','Enim quo quasi est autem aut quibusdam quae. Iusto explicabo odio unde facere quis incidunt enim et. Eaque id error maxime laboriosam.','2025-09-27 11:33:44','2025-09-27 11:33:44'),
	(232,7,11,103,45,'1970-01-01',724.00,2115.00,1461.00,'unpaid','Quas numquam laudantium dolores quia illo excepturi. Qui vel et vel reiciendis occaecati iusto sint. Dolore delectus adipisci at qui quae ratione. Est provident rerum consequatur quos ipsam mollitia iure.','2025-09-27 11:33:44','2025-09-27 11:33:44'),
	(233,8,9,84,29,'1970-01-01',2082.00,4726.00,1576.00,'partial','Iste natus saepe sapiente iure repellendus. Eos rerum voluptatem pariatur ullam dolores id. Quis tempore consectetur vel non harum. Est quo voluptatem perspiciatis soluta vero repellendus.','2025-09-27 11:33:44','2025-09-27 11:33:44'),
	(234,3,49,482,40,'1970-01-01',2628.00,3612.00,587.00,'unpaid','Atque quia sequi delectus veniam. Cum tempora nostrum fuga suscipit. Modi ut amet magnam non nobis quia et. Eos quis et libero et saepe.','2025-09-27 11:33:44','2025-09-27 11:33:44'),
	(235,10,38,376,26,'1970-01-01',1926.00,1819.00,4158.00,'paid','Repellat quisquam ad sed consequatur. Iure minima exercitationem quos voluptatum velit occaecati eveniet. Rem optio qui error blanditiis alias.','2025-09-27 11:33:44','2025-09-27 11:33:44'),
	(236,8,35,350,23,'1970-01-01',1926.00,3651.00,1495.00,'paid','Deleniti consequatur assumenda tempore amet consequatur. Consectetur quis nostrum ipsum et nulla commodi. Ipsa temporibus reprehenderit autem velit suscipit quasi molestiae ut.','2025-09-27 11:33:44','2025-09-27 11:33:44'),
	(237,8,50,494,1,'1970-01-01',2685.00,2727.00,1124.00,'paid','Quia nostrum ullam possimus eos. Expedita recusandae dolorem quaerat dicta. Eaque consectetur voluptatem sit voluptatem neque modi tempora.','2025-09-27 11:33:44','2025-09-27 11:33:44'),
	(238,5,44,436,8,'1970-01-01',1235.00,4315.00,2141.00,'unpaid','Dolore a quis non voluptatem eligendi. Voluptate maxime sint ut veniam iste. Quos aut unde quis. Molestiae sit officia debitis nesciunt quae.','2025-09-27 11:33:44','2025-09-27 11:33:44'),
	(239,9,25,241,8,'1970-01-01',712.00,2906.00,3887.00,'unpaid','Quia et voluptate sunt dolore. Enim dolores non quis. Consequatur perferendis praesentium doloremque.','2025-09-27 11:33:44','2025-09-27 11:33:44'),
	(240,2,12,116,21,'1970-01-01',2624.00,676.00,1165.00,'unpaid','Et doloribus odio cum voluptas cupiditate. Dolores incidunt repellendus est numquam sit. Maxime ut excepturi deleniti voluptatem voluptatem reprehenderit minus. Nihil aut laborum nihil quas.','2025-09-27 11:33:44','2025-09-27 11:33:44'),
	(241,10,4,39,30,'1970-01-01',518.00,1619.00,3363.00,'unpaid','Minus enim quia architecto nihil vitae. Iure maxime sunt reprehenderit doloremque aspernatur sit odio. Cupiditate voluptatem nobis consectetur cum asperiores praesentium sint in.','2025-09-27 11:33:44','2025-09-27 11:33:44'),
	(242,7,43,426,19,'1970-01-01',3376.00,2751.00,2452.00,'unpaid','Fugiat necessitatibus ex iste vero. Incidunt id repellat dolor cupiditate. Ipsam rem iste eaque asperiores culpa ab. Corporis sit quis aut quia iusto quo deserunt nulla.','2025-09-27 11:33:44','2025-09-27 11:33:44'),
	(243,5,44,433,4,'1970-01-01',1543.00,2287.00,2914.00,'partial','Totam praesentium ad et possimus excepturi autem dolor. Dolores qui sequi quo ratione cum qui veniam. Sed nemo aut perspiciatis blanditiis nisi iusto magnam. Voluptatem quis ad soluta ratione eos eum voluptas. Quis eaque non amet aut voluptas.','2025-09-27 11:33:44','2025-09-27 11:33:44'),
	(244,2,17,169,3,'1970-01-01',1186.00,4115.00,4051.00,'partial','Est ducimus sit velit beatae soluta eveniet. Facere iste minus sit natus. Ad totam dicta et officiis eaque tempora. Ratione sit explicabo earum asperiores ut.','2025-09-27 11:33:44','2025-09-27 11:33:44'),
	(245,6,19,182,9,'1970-01-01',3937.00,4743.00,1197.00,'unpaid','Illum occaecati possimus harum sed consectetur. Veniam iusto deleniti dolorem rerum labore doloribus eos. Sed quos aut qui nemo modi fugiat odit. Est sit earum quidem quod qui necessitatibus reprehenderit.','2025-09-27 11:33:44','2025-09-27 11:33:44'),
	(246,7,5,46,38,'1970-01-01',1068.00,533.00,4001.00,'paid','Quae sit hic eveniet. Sequi id alias nihil. Et vitae possimus esse facilis dolores commodi.','2025-09-27 11:33:44','2025-09-27 11:33:44'),
	(247,2,31,310,26,'1970-01-01',2840.00,2898.00,3914.00,'unpaid','Laborum voluptates illo labore tempora nulla doloremque voluptas. Enim vero et in amet. Quasi velit temporibus necessitatibus ea quaerat. Quaerat odio provident iusto.','2025-09-27 11:33:44','2025-09-27 11:33:44'),
	(248,6,28,280,16,'1970-01-01',2143.00,2249.00,2267.00,'paid','Nisi qui quia facilis dolor eligendi. Aut adipisci at necessitatibus dolorum tenetur. Nulla voluptatum non nam ut sed et.','2025-09-27 11:33:44','2025-09-27 11:33:44'),
	(249,4,18,176,34,'1970-01-01',4825.00,2190.00,1374.00,'paid','Recusandae asperiores deserunt omnis eum. Aspernatur quis nihil voluptatibus fugit. Vel fuga est in. Inventore eius et tempore quia.','2025-09-27 11:33:44','2025-09-27 11:33:44'),
	(250,3,24,235,35,'1970-01-01',4163.00,4544.00,3956.00,'unpaid','Aut in voluptatem excepturi perferendis autem provident. Eum eveniet tempora adipisci quaerat voluptatem ut rerum. Neque eos vitae consequatur et. In et nihil consequatur. Delectus vel laborum repudiandae occaecati eos aut.','2025-09-27 11:33:44','2025-09-27 11:33:44'),
	(251,2,31,308,4,'1970-01-01',4914.00,2745.00,2970.00,'paid','Odio dolore laudantium sunt expedita. Repellat omnis sed voluptatem dolorem ducimus ea et. Sed temporibus deserunt vero cupiditate id tenetur.','2025-09-27 11:33:44','2025-09-27 11:33:44'),
	(252,5,44,439,12,'1970-01-01',3288.00,764.00,3926.00,'partial','Aperiam quia debitis reiciendis rem. Culpa dolor a reprehenderit consequatur aut recusandae vel. Iste distinctio esse natus ut aut vel. Necessitatibus reprehenderit repudiandae cum voluptatum voluptatem exercitationem porro.','2025-09-27 11:33:44','2025-09-27 11:33:44'),
	(253,3,23,222,15,'1970-01-01',1307.00,3613.00,2129.00,'paid','Adipisci aliquid debitis vitae. Ducimus vel autem ea nemo temporibus adipisci rem voluptatem. Quia voluptatem officiis praesentium ex ut qui quae.','2025-09-27 11:33:44','2025-09-27 11:33:44'),
	(254,3,13,126,19,'1970-01-01',2460.00,3630.00,1616.00,'paid','Dolorem non quae dicta sed. Qui sapiente aspernatur illo ratione earum. Et eaque eius facere in beatae. Eveniet eaque omnis hic reprehenderit. Quisquam est aut exercitationem qui numquam.','2025-09-27 11:33:44','2025-09-27 11:33:44'),
	(255,2,31,305,1,'1970-01-01',4436.00,1564.00,4636.00,'partial','Ut deleniti rerum expedita ab nemo ipsa voluptatibus. Non delectus culpa omnis voluptas inventore. Incidunt doloremque nam ab.','2025-09-27 11:33:44','2025-09-27 11:33:44'),
	(256,5,44,431,15,'1970-01-01',3195.00,2959.00,1357.00,'unpaid','Qui quia exercitationem perspiciatis officia cumque. Esse perspiciatis rem similique provident quia rerum expedita. Quia dolor ratione numquam. Sit et est molestias non nihil minus quam.','2025-09-27 11:33:44','2025-09-27 11:33:44'),
	(257,5,44,434,44,'1970-01-01',3235.00,1251.00,4189.00,'unpaid','A illo reprehenderit dolorem ut dolores ratione animi. Maiores placeat tempora sed optio fugit non. Dolorum laboriosam veniam autem aut atque debitis molestiae qui.','2025-09-27 11:33:44','2025-09-27 11:33:44'),
	(258,3,23,223,4,'1970-01-01',4776.00,3966.00,1110.00,'unpaid','Quia enim voluptates eaque omnis nemo maxime. Aperiam necessitatibus dolor qui quasi saepe laudantium. Ipsum incidunt labore aut rerum accusamus nulla. Sunt necessitatibus impedit quia vel voluptatem ut nemo.','2025-09-27 11:33:44','2025-09-27 11:33:44'),
	(259,2,17,167,8,'1970-01-01',1688.00,3568.00,1563.00,'paid','Beatae possimus velit at ut. Minus exercitationem sint odio optio excepturi facere.','2025-09-27 11:33:44','2025-09-27 11:33:44'),
	(260,4,40,399,32,'1970-01-01',752.00,4019.00,3897.00,'paid','Soluta omnis aut qui tenetur. Sit nemo magni totam nobis molestiae aliquam. Maiores tempora dolores et. Dolor commodi quasi quidem cumque est repellendus totam.','2025-09-27 11:33:44','2025-09-27 11:33:44'),
	(261,6,7,61,25,'1970-01-01',3931.00,4414.00,3908.00,'unpaid','Quas similique error libero aut placeat sequi. Neque odio ad commodi similique.','2025-09-27 11:33:44','2025-09-27 11:33:44'),
	(262,7,11,110,23,'1970-01-01',822.00,2065.00,1949.00,'partial','Aut rem sit similique nihil voluptate aut porro. Qui est occaecati non nemo et exercitationem. Vel vitae facilis soluta quae consequuntur et consectetur.','2025-09-27 11:33:44','2025-09-27 11:33:44'),
	(263,7,43,426,1,'1970-01-01',2207.00,3066.00,1229.00,'unpaid','Aspernatur nulla dolorem cumque. Omnis modi aut laudantium laudantium ullam. Ut incidunt ipsum ea in veritatis ratione et. Officiis fuga molestias ipsam sequi quia enim eum.','2025-09-27 11:33:44','2025-09-27 11:33:44'),
	(264,6,7,65,26,'1970-01-01',3836.00,1754.00,1257.00,'partial','At voluptatem rerum dolor et odit. Nisi non earum quia odio. Quas aspernatur velit laborum unde voluptates sed quasi quos. Ad non nobis soluta adipisci omnis.','2025-09-27 11:33:44','2025-09-27 11:33:44'),
	(265,8,50,494,15,'1970-01-01',3584.00,2024.00,4139.00,'paid','Quas molestiae culpa autem quo. Aliquid iusto quae a repellat minima laboriosam sit odit. Qui aut nemo id sit odio.','2025-09-27 11:33:44','2025-09-27 11:33:44'),
	(266,8,9,82,30,'1970-01-01',4422.00,4358.00,3806.00,'partial','Qui saepe architecto aspernatur rem rem. Fugiat eveniet excepturi necessitatibus iste rerum ut. Officiis vel accusamus consequatur quis.','2025-09-27 11:33:44','2025-09-27 11:33:44'),
	(267,9,14,131,34,'1970-01-01',4655.00,2831.00,3939.00,'unpaid','Qui est eos nesciunt autem optio. Aut iusto sit et. Sit non accusamus consequatur assumenda. Ut mollitia quia harum rerum quo quis. Consectetur eius voluptatibus repellat quae praesentium doloremque maiores.','2025-09-27 11:33:44','2025-09-27 11:33:44'),
	(268,2,22,217,12,'1970-01-01',685.00,1542.00,4654.00,'paid','Aliquid cupiditate et est quo quidem rem necessitatibus. Exercitationem libero quisquam ratione odit. Veritatis provident voluptates commodi amet quia magni. Impedit delectus illum dolorum ut.','2025-09-27 11:33:44','2025-09-27 11:33:44'),
	(269,9,32,311,25,'1970-01-01',989.00,1397.00,4146.00,'paid','Voluptates unde quidem a et eius illo. Saepe enim ut quibusdam. Tenetur deleniti voluptas quia placeat quis nihil. Et expedita saepe omnis.','2025-09-27 11:33:44','2025-09-27 11:33:44'),
	(270,6,46,459,1,'1970-01-01',2789.00,2087.00,3984.00,'partial','Neque et ipsam unde ut cumque quibusdam. Placeat sunt tempore delectus accusamus delectus dolorem sit molestiae. Aut rerum est eligendi consectetur et.','2025-09-27 11:33:44','2025-09-27 11:33:44'),
	(271,10,48,474,18,'1970-01-01',1457.00,4268.00,2932.00,'unpaid','Facere saepe et expedita voluptate id dolor. Perferendis voluptatem ipsum alias qui soluta molestiae. Qui voluptatem cumque laboriosam recusandae possimus.','2025-09-27 11:33:44','2025-09-27 11:33:44'),
	(272,6,19,185,28,'1970-01-01',2451.00,3540.00,3891.00,'unpaid','Enim veritatis veniam aut accusantium quis. Repellat molestias quod laborum assumenda porro aut. Eaque aspernatur impedit cupiditate. Voluptas quisquam suscipit qui numquam velit.','2025-09-27 11:33:44','2025-09-27 11:33:44'),
	(273,8,35,343,36,'1970-01-01',4876.00,1658.00,4497.00,'unpaid','Enim tenetur iusto unde saepe illo enim. Doloribus distinctio commodi dolore quae non. Magni esse voluptatem vero maiores excepturi ut. Et aut numquam est voluptas est similique.','2025-09-27 11:33:44','2025-09-27 11:33:44'),
	(274,9,25,247,18,'1970-01-01',4498.00,1307.00,1689.00,'unpaid','Qui commodi molestiae non consequatur. Nam ex ex dolor. Laudantium laborum quibusdam doloribus laborum explicabo provident porro. Dolorem velit sit nobis consequatur totam dolorem harum.','2025-09-27 11:33:44','2025-09-27 11:33:44'),
	(275,8,27,261,23,'1970-01-01',4372.00,3212.00,4680.00,'paid','Nemo voluptatem doloremque ratione dicta non qui sapiente. Earum voluptas occaecati quia libero eos vel. Asperiores laboriosam quo sequi odio in. Tempora exercitationem incidunt sit repellendus consequatur.','2025-09-27 11:33:44','2025-09-27 11:33:44'),
	(276,9,25,248,27,'1970-01-01',1334.00,780.00,3177.00,'paid','Dolor sit earum debitis praesentium ducimus. Repudiandae magnam qui quia corporis. Placeat nisi animi earum eum qui placeat distinctio. Voluptatibus illo velit minus iure sed ea pariatur.','2025-09-27 11:33:44','2025-09-27 11:33:44'),
	(277,6,19,186,19,'1970-01-01',2922.00,2003.00,4583.00,'paid','Numquam sit sed architecto. Est ipsum repellendus eos voluptatem omnis ex. Iure quia aliquam repellendus distinctio pariatur optio repudiandae illum.','2025-09-27 11:33:44','2025-09-27 11:33:44'),
	(278,4,34,332,1,'1970-01-01',2041.00,4718.00,938.00,'paid','Sed deserunt beatae alias laboriosam minima natus. Possimus aut tenetur est. Sit velit cumque nobis excepturi aspernatur non saepe consequatur.','2025-09-27 11:33:44','2025-09-27 11:33:44'),
	(279,7,47,461,42,'1970-01-01',3044.00,3732.00,1938.00,'partial','Sit quibusdam in commodi molestiae aut officia eius. Optio delectus hic eos. Quas voluptatem id et ut. Et accusantium aspernatur minima pariatur beatae id optio.','2025-09-27 11:33:44','2025-09-27 11:33:44'),
	(280,10,48,479,20,'1970-01-01',3394.00,4173.00,3503.00,'partial','Quia maxime beatae voluptas quibusdam impedit qui dignissimos. Sint necessitatibus voluptatum aliquam quisquam non sunt tenetur omnis. Nihil possimus optio dolores.','2025-09-27 11:33:44','2025-09-27 11:33:44'),
	(281,8,50,494,37,'1970-01-01',722.00,4410.00,4054.00,'unpaid','Vero et nemo et eius tempora in nisi. Quibusdam voluptatum a voluptatem quia rerum. Ratione iusto doloribus pariatur quo deleniti aut laboriosam laborum. Non dolor est nemo in id laborum possimus earum. Et qui incidunt culpa consequatur asperiores.','2025-09-27 11:33:44','2025-09-27 11:33:44'),
	(282,7,11,103,8,'1970-01-01',2582.00,2193.00,1449.00,'paid','Inventore nobis consequuntur enim eveniet aperiam dolor. Eum impedit non ad numquam voluptatem enim voluptas. Illo ab officiis vitae voluptas. Quasi odio incidunt et fuga autem voluptatem.','2025-09-27 11:33:44','2025-09-27 11:33:44'),
	(283,9,32,317,26,'1970-01-01',2726.00,4904.00,1905.00,'paid','Minus est totam et quisquam iure ex voluptas. Quia mollitia aperiam consequatur eos. Unde quos ratione sunt aut tempora cum temporibus.','2025-09-27 11:33:44','2025-09-27 11:33:44'),
	(284,8,35,342,25,'1970-01-01',1199.00,944.00,1984.00,'unpaid','Commodi in quisquam sint cumque molestiae. Neque quidem in eligendi.','2025-09-27 11:33:44','2025-09-27 11:33:44'),
	(285,10,48,475,19,'1970-01-01',4319.00,3519.00,3873.00,'paid','Nam perferendis ut distinctio est et dolor nobis. Perferendis magni quia possimus ad. Doloremque blanditiis similique magnam molestiae expedita perspiciatis assumenda. Hic illum in numquam eos nam qui.','2025-09-27 11:33:44','2025-09-27 11:33:44'),
	(286,4,34,337,19,'1970-01-01',1775.00,1073.00,4022.00,'paid','Animi voluptas ratione et vel occaecati tenetur. Laboriosam repellat quia necessitatibus similique ullam molestias magni. Non temporibus perferendis sit. Ut iusto porro amet officiis dolorum.','2025-09-27 11:33:44','2025-09-27 11:33:44'),
	(287,7,11,109,15,'1970-01-01',2696.00,2260.00,1292.00,'unpaid','Nihil et quidem eos in commodi itaque qui. Earum veniam hic adipisci nobis deleniti nulla est. Velit rerum culpa maxime alias illo voluptas ut. Est autem voluptatem ipsa officiis dolorem itaque.','2025-09-27 11:33:44','2025-09-27 11:33:44'),
	(288,2,17,163,32,'1970-01-01',2337.00,3321.00,4193.00,'partial','Voluptas quo quas eveniet maxime architecto eaque deleniti. Aut fuga et ratione aut. Maxime numquam quidem aut cupiditate illo.','2025-09-27 11:33:44','2025-09-27 11:33:44'),
	(289,9,14,135,43,'1970-01-01',1228.00,1517.00,3530.00,'partial','Et omnis nesciunt et explicabo. Iure cumque ad sit vel corrupti sed ullam. In quasi est similique tempore non voluptates. Quo impedit asperiores harum cum natus voluptatem quibusdam.','2025-09-27 11:33:44','2025-09-27 11:33:44'),
	(290,4,6,58,2,'1970-01-01',842.00,2006.00,4753.00,'paid','Dicta quo quia vel consequatur ad. Numquam vel id molestiae quo. Corporis eius et cum id vel ad.','2025-09-27 11:33:44','2025-09-27 11:33:44'),
	(291,8,50,493,42,'1970-01-01',4711.00,1847.00,3468.00,'partial','Enim consectetur ratione sit natus. Quod facilis neque debitis illo ipsum quia neque. Qui quibusdam officia qui natus animi. Modi veniam ex et ratione.','2025-09-27 11:33:44','2025-09-27 11:33:44'),
	(292,9,32,314,12,'1970-01-01',4560.00,1288.00,2855.00,'unpaid','Sed repellendus at laboriosam iste impedit possimus rerum deserunt. Deleniti nobis sed ab est atque quia laudantium. Quia deserunt recusandae est vero ducimus.','2025-09-27 11:33:44','2025-09-27 11:33:44'),
	(293,9,14,138,3,'1970-01-01',1621.00,3899.00,691.00,'partial','Similique dolorum quidem culpa veritatis velit. Ut non est aperiam placeat. Quibusdam architecto ut possimus saepe.','2025-09-27 11:33:44','2025-09-27 11:33:44'),
	(294,4,2,20,23,'1970-01-01',541.00,4294.00,1794.00,'partial','Quo suscipit facere voluptatem sunt voluptatem eligendi. Aliquam rerum accusamus quaerat velit maxime sed. Provident id iste quisquam iusto cupiditate. Provident totam rerum ab esse illo est.','2025-09-27 11:33:44','2025-09-27 11:33:44'),
	(295,7,43,429,15,'1970-01-01',3269.00,1964.00,2179.00,'paid','Maxime aliquid fugiat id dolore officia libero. Commodi quasi quod vel quasi ut quidem et.','2025-09-27 11:33:44','2025-09-27 11:33:44'),
	(296,10,38,372,23,'1970-01-01',2671.00,3334.00,822.00,'partial','Voluptas dicta hic ea vero. Facere rerum possimus similique. Dicta est nesciunt corrupti est illo corrupti tempore. Modi consequuntur debitis vero ad.','2025-09-27 11:33:44','2025-09-27 11:33:44'),
	(297,2,31,303,14,'1970-01-01',4847.00,1082.00,3795.00,'partial','Molestiae pariatur similique sit sed. Laudantium officia est sapiente quia sunt qui. Omnis cumque nisi laudantium velit ut debitis voluptatum. Voluptatem corporis nam nihil atque voluptatem optio delectus. Magni et quia vel ut est quidem vero ducimus.','2025-09-27 11:33:44','2025-09-27 11:33:44'),
	(298,4,10,95,6,'1970-01-01',1412.00,1443.00,2935.00,'unpaid','Consequatur doloremque quasi consequuntur quia enim. Quisquam consequuntur fugiat quasi rerum velit ut. Ut unde sint pariatur voluptatem veniam nihil est. Nemo quibusdam reiciendis et dolore reiciendis commodi enim.','2025-09-27 11:33:44','2025-09-27 11:33:44'),
	(299,9,32,316,24,'1970-01-01',4115.00,529.00,1028.00,'partial','Ut ea occaecati aut. Eius occaecati quaerat minus suscipit. Earum veniam sed sit qui est sed.','2025-09-27 11:33:44','2025-09-27 11:33:44'),
	(300,3,23,227,38,'1970-01-01',1819.00,2764.00,2582.00,'paid','Quia nesciunt animi aspernatur beatae et. Eius nobis in sed. Dolor autem ullam sapiente numquam alias quia ut exercitationem.','2025-09-27 11:33:44','2025-09-27 11:33:44'),
	(301,10,4,33,19,'1970-01-01',4461.00,3585.00,1774.00,'paid','Iure quas veniam voluptatum fuga molestias non. Et quos cupiditate et quia corporis. Modi itaque mollitia eaque deleniti est sed. Ducimus sit inventore officia ut et deleniti.','2025-09-27 11:33:44','2025-09-27 11:33:44'),
	(302,6,26,254,40,'1970-01-01',2650.00,1271.00,4932.00,'partial','Earum at autem aut ut. Aliquid reprehenderit iste voluptatem optio consequatur iusto corrupti. Totam officia illo tempora harum sunt hic tempora architecto.','2025-09-27 11:33:44','2025-09-27 11:33:44'),
	(303,8,41,403,41,'1970-01-01',962.00,626.00,2489.00,'paid','Accusamus culpa aliquam ullam et ullam ut tempore. Rem dolor reprehenderit repudiandae laborum et enim consequatur. Ipsa ipsam sint quo quis minus aut. Alias animi sint voluptas et debitis asperiores necessitatibus quisquam.','2025-09-27 11:33:44','2025-09-27 11:33:44'),
	(304,8,16,152,6,'1970-01-01',3251.00,3747.00,3566.00,'paid','Qui rem veniam ea amet. Dolorem enim voluptatem eum dolor quia quia. Et sit repellendus recusandae corporis totam et quasi. Corporis nihil consectetur quia quia incidunt ratione.','2025-09-27 11:33:44','2025-09-27 11:33:44'),
	(305,5,44,432,22,'1970-01-01',3086.00,2656.00,3868.00,'partial','Recusandae illo voluptatem aliquid magni eligendi dolores. Nostrum enim sint ipsa pariatur ut qui sint doloremque. Aut cupiditate dicta omnis aut commodi ad.','2025-09-27 11:33:44','2025-09-27 11:33:44'),
	(306,2,31,308,43,'1970-01-01',3686.00,2592.00,3339.00,'unpaid','Quos iure voluptas et tenetur ut. Magnam perspiciatis quia nostrum aliquid fuga fugit. Quibusdam voluptas autem voluptates libero qui commodi numquam dolorum. Quae ut aut nostrum beatae.','2025-09-27 11:33:44','2025-09-27 11:33:44'),
	(307,4,40,397,23,'1970-01-01',1392.00,2036.00,3967.00,'partial','Facere harum eius repellat quia laborum voluptates esse deserunt. Sunt et aliquam est autem est. Ducimus tenetur sequi quia similique placeat harum ut.','2025-09-27 11:33:44','2025-09-27 11:33:44'),
	(308,4,10,97,11,'1970-01-01',2586.00,890.00,1001.00,'partial','Accusantium consequuntur ullam esse exercitationem aut veritatis placeat. Quo enim vel aut voluptatem sequi. Omnis voluptates voluptatem nesciunt quia. Soluta voluptatem nihil fugiat recusandae harum rem perspiciatis.','2025-09-27 11:33:44','2025-09-27 11:33:44'),
	(309,6,26,257,7,'1970-01-01',4263.00,1839.00,1519.00,'paid','Praesentium quod sint et ut id iste. Autem et cumque quaerat porro autem odio vitae odit. Et molestiae molestiae facilis ut. Non ad aut doloribus repellendus consequatur.','2025-09-27 11:33:44','2025-09-27 11:33:44'),
	(310,5,44,431,14,'1970-01-01',917.00,4199.00,4048.00,'partial','In repellat debitis suscipit omnis praesentium doloribus. Officia at blanditiis quis adipisci ipsa quia. Nihil adipisci dolores veniam corporis saepe. Voluptas expedita nam iusto fugit sed ducimus.','2025-09-27 11:33:44','2025-09-27 11:33:44'),
	(311,10,48,477,10,'1970-01-01',799.00,4562.00,1240.00,'unpaid','Rerum suscipit suscipit aut. Iure sint incidunt est dolorem. Doloremque ut dolore quaerat repellat laudantium asperiores sed. A quia tempore nobis magnam error repellendus.','2025-09-27 11:33:44','2025-09-27 11:33:44'),
	(312,2,39,387,34,'1970-01-01',2182.00,4721.00,4400.00,'partial','Autem id natus dignissimos aut expedita tenetur unde. Tempora itaque sunt consectetur. Esse in quasi hic animi iste. Voluptatem natus eos quia.','2025-09-27 11:33:44','2025-09-27 11:33:44'),
	(313,5,44,438,44,'1970-01-01',1282.00,765.00,1473.00,'unpaid','Voluptatem quod corrupti dolorem laborum aut minus repudiandae. Pariatur quia aut voluptatem odio quas qui.','2025-09-27 11:33:44','2025-09-27 11:33:44'),
	(314,6,21,203,37,'1970-01-01',1056.00,1983.00,4265.00,'unpaid','Est iste error necessitatibus ut asperiores. Et omnis eius temporibus vero perferendis. Adipisci eveniet magni sint et optio iure. Qui omnis velit atque laudantium itaque.','2025-09-27 11:33:45','2025-09-27 11:33:45'),
	(315,3,30,293,14,'1970-01-01',1750.00,4816.00,1173.00,'unpaid','Rerum laudantium aliquam consequatur. Iste possimus quis qui qui sint eligendi. Sapiente minima facere et voluptas architecto ea qui placeat. Maiores maiores sunt qui veniam voluptatem repudiandae dolores.','2025-09-27 11:33:45','2025-09-27 11:33:45'),
	(316,3,23,224,43,'1970-01-01',2326.00,781.00,3135.00,'unpaid','Recusandae id consectetur at minima aspernatur nemo. Dignissimos itaque ut dignissimos cupiditate aut aperiam. Accusantium aut voluptatibus praesentium neque. Consequatur delectus vel accusantium deserunt quibusdam.','2025-09-27 11:33:45','2025-09-27 11:33:45'),
	(317,7,47,467,42,'1970-01-01',4137.00,2110.00,3829.00,'paid','Quos id eligendi aut. Ea consequatur voluptates nostrum alias dicta sit. Qui adipisci quia accusantium fuga. Velit aperiam ea possimus laudantium ipsam ducimus occaecati. Dignissimos sequi impedit dignissimos.','2025-09-27 11:33:45','2025-09-27 11:33:45'),
	(318,2,12,111,38,'1970-01-01',2614.00,4068.00,2830.00,'partial','Sed adipisci iste cum. Officia ipsam id voluptates alias velit. Sapiente sit ut repellendus nostrum minus harum. Est voluptatibus voluptas aut quia.','2025-09-27 11:33:45','2025-09-27 11:33:45'),
	(319,2,31,309,24,'1970-01-01',1299.00,886.00,1345.00,'partial','Ipsa ipsam dolores facilis incidunt distinctio. Et et nesciunt molestias non qui placeat sint. Illum veritatis molestiae voluptates dolor et mollitia.','2025-09-27 11:33:45','2025-09-27 11:33:45'),
	(320,3,37,367,35,'1970-01-01',1644.00,3381.00,2085.00,'paid','Aut cupiditate nobis itaque voluptatem voluptas minus. Voluptatum nesciunt est veniam voluptas provident qui qui perspiciatis. Eius quo velit qui fugit in rerum omnis. Provident commodi ut molestiae inventore.','2025-09-27 11:33:45','2025-09-27 11:33:45'),
	(321,7,47,466,23,'1970-01-01',768.00,1093.00,4473.00,'partial','Voluptas enim et enim illum id enim error. Doloribus eum voluptas qui aliquam sapiente dolorum. Ipsam est fugit aliquam dolorum laborum.','2025-09-27 11:33:45','2025-09-27 11:33:45'),
	(322,6,26,252,42,'1970-01-01',4631.00,1774.00,3761.00,'paid','Consequatur rerum dolor dolorem vel quia natus. Dolorum est autem dolorum molestias perferendis velit. Adipisci aut asperiores consequatur. Nisi voluptas rerum et.','2025-09-27 11:33:45','2025-09-27 11:33:45'),
	(323,4,40,397,22,'1970-01-01',1895.00,1656.00,1367.00,'paid','Aut nam at quasi voluptatem quas corporis consequatur. Praesentium maiores dicta dignissimos. Autem quae minus et nisi quae. Optio vel at doloremque nobis.','2025-09-27 11:33:45','2025-09-27 11:33:45'),
	(324,4,18,177,6,'1970-01-01',3703.00,4717.00,3367.00,'partial','Vero commodi omnis soluta rerum earum corporis ut. Fugiat odio sunt harum quibusdam nulla ullam. Ut consectetur fugiat totam. Rerum quia minus eveniet aut eligendi saepe.','2025-09-27 11:33:45','2025-09-27 11:33:45'),
	(325,2,31,306,10,'1970-01-01',1534.00,4934.00,3453.00,'unpaid','Eius sed ut facilis placeat dolore. Iure ut omnis qui ipsa. Eaque quaerat sapiente commodi sit dolore.','2025-09-27 11:33:45','2025-09-27 11:33:45'),
	(326,8,9,87,37,'1970-01-01',3467.00,3147.00,1090.00,'unpaid','Molestias ea et velit. Nobis accusamus dolores error. Unde perferendis aliquam nam consequuntur aliquam architecto ut. Rerum commodi ut enim consectetur consequatur qui ipsam.','2025-09-27 11:33:45','2025-09-27 11:33:45'),
	(327,7,43,426,25,'1970-01-01',2905.00,3630.00,1412.00,'paid','Unde optio est quo at perspiciatis quibusdam illum ipsum. Vero possimus mollitia accusantium. Placeat unde molestiae omnis.','2025-09-27 11:33:45','2025-09-27 11:33:45'),
	(328,6,33,326,15,'1970-01-01',4034.00,3688.00,4304.00,'partial','Voluptas iste ipsa magnam reprehenderit. Enim soluta odit voluptatem neque. Esse modi modi fugit animi beatae ipsam.','2025-09-27 11:33:45','2025-09-27 11:33:45'),
	(329,5,44,439,32,'1970-01-01',3099.00,4699.00,2380.00,'paid','In nemo quia minus repellat. Itaque dolores pariatur tempora.','2025-09-27 11:33:45','2025-09-27 11:33:45'),
	(330,8,16,159,26,'1970-01-01',3909.00,1306.00,2341.00,'partial','Est totam porro nesciunt quam quo nisi. Corporis delectus beatae eum placeat aut voluptas adipisci. Id harum architecto dolores nesciunt earum sit.','2025-09-27 11:33:45','2025-09-27 11:33:45'),
	(331,2,31,308,26,'1970-01-01',3975.00,2756.00,4682.00,'paid','Iste ut aut molestias praesentium. Qui officia nemo ab non et.','2025-09-27 11:33:45','2025-09-27 11:33:45'),
	(332,4,6,51,11,'1970-01-01',4558.00,3074.00,1529.00,'paid','Earum veniam recusandae et dolores eos sed explicabo aperiam. Temporibus corporis nihil quam unde placeat fuga dolor quos. Mollitia iusto ratione vitae consequuntur et. Temporibus totam at maxime autem quibusdam dolores.','2025-09-27 11:33:45','2025-09-27 11:33:45'),
	(333,8,41,401,43,'1970-01-01',3258.00,1573.00,2310.00,'unpaid','Asperiores et harum repellat dolor qui ratione iure. Sapiente qui facilis nesciunt natus nemo dolores.','2025-09-27 11:33:45','2025-09-27 11:33:45'),
	(334,3,49,489,24,'1970-01-01',1482.00,1863.00,698.00,'partial','Autem voluptas minus non eos tenetur est aliquid. Explicabo eum fugiat nihil quae voluptate. Voluptatibus ex sint ipsa qui dolores aperiam. Non dolorem voluptates iusto quia tempora ut.','2025-09-27 11:33:45','2025-09-27 11:33:45'),
	(335,7,47,464,10,'1970-01-01',724.00,964.00,3243.00,'partial','Molestiae minima hic excepturi consequuntur animi amet. Illo quibusdam velit et. Et numquam nemo occaecati. Qui corporis quibusdam amet aut enim eaque fugit adipisci.','2025-09-27 11:33:45','2025-09-27 11:33:45'),
	(336,9,25,243,39,'1970-01-01',4905.00,979.00,2989.00,'paid','Nihil et aliquid facilis qui tempore dolor provident. Dolorum iusto aspernatur odio consectetur. Autem non reprehenderit quibusdam et dolorum incidunt et. Repellendus ab dolorum voluptates dolor quia.','2025-09-27 11:33:45','2025-09-27 11:33:45'),
	(337,3,13,122,10,'1970-01-01',966.00,4248.00,1910.00,'paid','Qui blanditiis labore accusantium dolor nihil ex quo. Sint non adipisci itaque. Cum nihil explicabo quisquam voluptas reprehenderit officia consequatur.','2025-09-27 11:33:45','2025-09-27 11:33:45'),
	(338,5,44,432,37,'1970-01-01',3581.00,1361.00,941.00,'paid','Neque omnis corrupti quas. Expedita aut amet explicabo iste autem. Unde iure expedita a iure.','2025-09-27 11:33:45','2025-09-27 11:33:45'),
	(339,5,44,438,8,'1970-01-01',2483.00,1288.00,1322.00,'paid','Modi perspiciatis modi quod et provident ut. Nisi laborum praesentium dolor sunt minus officiis expedita maxime. Quod commodi sunt quaerat et excepturi.','2025-09-27 11:33:45','2025-09-27 11:33:45'),
	(340,9,32,313,2,'1970-01-01',552.00,4282.00,1293.00,'unpaid','Illo iure alias voluptates qui qui id cupiditate. Voluptatum quas aliquam aut id voluptatem quibusdam. Aut et tempora inventore quaerat quidem occaecati. Neque reprehenderit error nihil officiis ullam facilis non.','2025-09-27 11:33:45','2025-09-27 11:33:45'),
	(341,9,14,131,2,'1970-01-01',3285.00,2271.00,2953.00,'partial','Voluptatum qui accusamus ratione ut eos. Laborum molestiae aspernatur consequuntur soluta est.','2025-09-27 11:33:45','2025-09-27 11:33:45'),
	(342,2,31,309,22,'1970-01-01',715.00,4694.00,2062.00,'partial','Officiis ut omnis perferendis hic. Rem facere explicabo ea sunt culpa incidunt. Ducimus aperiam omnis ut aut. Incidunt nihil nam quia dolor.','2025-09-27 11:33:45','2025-09-27 11:33:45'),
	(343,10,29,287,28,'1970-01-01',4221.00,2744.00,756.00,'partial','Qui perferendis sed nulla qui provident soluta. Et fugit optio aliquam distinctio eum vel. Fugit ea nobis quibusdam ut quo at. Cum maiores accusamus non architecto.','2025-09-27 11:33:45','2025-09-27 11:33:45'),
	(344,3,37,365,14,'1970-01-01',2709.00,623.00,4683.00,'unpaid','Consectetur est nulla dicta sint rem perspiciatis nemo. Et eius quasi voluptas. Dolores nihil delectus soluta eos fuga culpa. Quia voluptatem cumque nemo quia fugit quia sit.','2025-09-27 11:33:45','2025-09-27 11:33:45'),
	(345,5,44,436,32,'1970-01-01',3267.00,3652.00,1683.00,'paid','Veritatis saepe occaecati modi iure et. Voluptatem quasi ut sed aut. Similique consequuntur corrupti nobis pariatur est et illo. Occaecati ea animi sed vel deserunt numquam.','2025-09-27 11:33:45','2025-09-27 11:33:45'),
	(346,2,39,385,35,'1970-01-01',1057.00,2476.00,2779.00,'partial','Facere ipsa modi unde. Qui nisi voluptates eaque iste magnam dolorem. Aliquam optio quasi dolorum suscipit ea quia ut quod. Nisi rerum ipsa doloribus nemo amet.','2025-09-27 11:33:45','2025-09-27 11:33:45'),
	(347,4,10,95,43,'1970-01-01',2447.00,3108.00,1065.00,'unpaid','Asperiores omnis fuga enim et minima assumenda. Deleniti veniam impedit autem omnis sed voluptas. Quam et impedit aliquid officiis sint rerum. Sit dolorem reprehenderit nesciunt id accusamus.','2025-09-27 11:33:45','2025-09-27 11:33:45'),
	(348,5,44,432,16,'1970-01-01',4351.00,866.00,2268.00,'unpaid','Minima architecto natus expedita dolore asperiores accusamus voluptatem. Impedit et sunt provident quisquam. Nisi sed quas sunt aperiam aut et optio.','2025-09-27 11:33:45','2025-09-27 11:33:45'),
	(349,3,15,145,10,'1970-01-01',3752.00,2964.00,4071.00,'paid','At officia odio cum veritatis eaque mollitia. Quo id aut asperiores aut beatae natus odio. Ad et quod praesentium.','2025-09-27 11:33:45','2025-09-27 11:33:45'),
	(350,8,41,404,45,'1970-01-01',1471.00,4895.00,4838.00,'partial','Voluptas expedita cumque amet iusto porro. Sint aut quo velit. Molestiae et non sequi temporibus. Laudantium eum cupiditate sed similique assumenda mollitia est.','2025-09-27 11:33:45','2025-09-27 11:33:45'),
	(351,2,39,389,1,'1970-01-01',1224.00,1590.00,915.00,'partial','Debitis porro explicabo doloribus debitis doloribus optio nostrum voluptate. Fugit mollitia vero consequatur ratione et velit. Voluptates doloremque minima quasi esse illum. Ut adipisci non inventore harum rem nam natus sapiente.','2025-09-27 11:33:45','2025-09-27 11:33:45'),
	(352,10,4,37,15,'1970-01-01',542.00,3941.00,1420.00,'partial','Natus eos voluptas voluptatum aliquid autem harum. Consectetur in et reprehenderit sed vero rem ut commodi. Laboriosam sapiente exercitationem earum repudiandae.','2025-09-27 11:33:45','2025-09-27 11:33:45'),
	(353,6,21,202,3,'1970-01-01',4630.00,2864.00,3508.00,'paid','Ut earum eligendi est fugit ullam quo nihil. Accusamus voluptatem veritatis commodi quod. Et veniam et rerum mollitia. Sint maxime et voluptatum quos ut. Quaerat voluptatem aspernatur ea.','2025-09-27 11:33:45','2025-09-27 11:33:45'),
	(354,8,9,81,38,'1970-01-01',1078.00,1133.00,2005.00,'unpaid','Aut saepe dolorem aut asperiores ut expedita odit. Enim qui est corporis amet. Et voluptate odit ut atque saepe mollitia.','2025-09-27 11:33:45','2025-09-27 11:33:45'),
	(355,9,32,319,38,'1970-01-01',3744.00,2334.00,1991.00,'partial','Impedit nihil soluta explicabo commodi. Eum doloremque tenetur excepturi assumenda accusantium et vel qui. Asperiores labore reprehenderit omnis nihil harum sapiente. Maxime eligendi non architecto atque ab qui molestiae quidem.','2025-09-27 11:33:45','2025-09-27 11:33:45'),
	(356,4,34,340,13,'1970-01-01',3524.00,1962.00,3549.00,'unpaid','Earum ipsum quae cumque ut et. Earum consequatur quis fugit eum et. Magni nemo voluptatem dolor. Sed non natus doloribus sunt optio.','2025-09-27 11:33:45','2025-09-27 11:33:45'),
	(357,2,17,166,2,'1970-01-01',2094.00,3279.00,3163.00,'partial','Ducimus assumenda quis illo atque est et vel. Est quasi ab harum est atque aut quisquam. Ad accusantium sed ipsam.','2025-09-27 11:33:45','2025-09-27 11:33:45'),
	(358,3,37,365,45,'1970-01-01',2883.00,3446.00,2851.00,'partial','Dolore exercitationem quia distinctio tempore. Exercitationem quia at voluptatum. Esse magni ut vero facere dolor modi ex. Quas eligendi molestias deserunt porro et.','2025-09-27 11:33:45','2025-09-27 11:33:45'),
	(359,2,17,166,27,'1970-01-01',3530.00,2791.00,1757.00,'paid','Sapiente quam fugit deserunt eum non at id. Rerum non facilis quia impedit. Et eaque ipsa facilis non officiis perferendis. Quibusdam officiis officia voluptas sit voluptatem quas.','2025-09-27 11:33:45','2025-09-27 11:33:45'),
	(360,10,4,37,40,'1970-01-01',4397.00,3817.00,4613.00,'paid','Eius itaque tempore repudiandae placeat sit. Incidunt harum et dolor non totam. Commodi est culpa culpa molestiae.','2025-09-27 11:33:45','2025-09-27 11:33:45'),
	(361,8,16,153,6,'1970-01-01',4816.00,1310.00,3413.00,'partial','Et cum illum incidunt laudantium fugit. Aliquid facilis qui aliquam quos nam aperiam quae. Adipisci veritatis facilis hic ex voluptas. In molestias explicabo voluptatibus repellendus.','2025-09-27 11:33:45','2025-09-27 11:33:45'),
	(362,9,14,132,28,'1970-01-01',2253.00,614.00,4630.00,'paid','Ab nihil aut nesciunt quia officiis iste et. Aut nihil vel asperiores iste iusto eligendi. Qui qui eum vitae ut perferendis ullam expedita qui. Recusandae quis hic optio nisi vitae molestias ex.','2025-09-27 11:33:45','2025-09-27 11:33:45'),
	(363,8,35,347,20,'1970-01-01',4786.00,694.00,4593.00,'partial','Eos aut magni aut labore ad molestiae eius. Omnis perferendis velit optio molestias cupiditate quia modi. Voluptas aut labore aut doloremque. Repellendus officiis impedit nostrum laudantium labore ipsam autem assumenda.','2025-09-27 11:33:45','2025-09-27 11:33:45'),
	(364,4,6,55,45,'1970-01-01',4625.00,4907.00,1374.00,'paid','Dolorem eveniet debitis quod soluta iusto velit molestias. Ipsam aspernatur cupiditate animi veritatis laborum id est beatae. Amet architecto et temporibus aut quis. Nobis quod quisquam molestias sint.','2025-09-27 11:33:45','2025-09-27 11:33:45'),
	(365,10,4,32,2,'1970-01-01',1398.00,3938.00,1796.00,'paid','Tempore veritatis aut repellat nihil ut aliquam similique. Nisi numquam beatae ut est. Qui dolorem qui at quia.','2025-09-27 11:33:45','2025-09-27 11:33:45'),
	(366,9,25,244,36,'1970-01-01',4787.00,3846.00,1881.00,'partial','Incidunt quidem et qui cumque at nulla repudiandae dolorem. Voluptatem quo nihil qui vel ducimus non ducimus. Non aut sint harum est commodi deserunt maiores id. Consequatur quia aspernatur natus doloribus est fugit et.','2025-09-27 11:33:45','2025-09-27 11:33:45'),
	(367,9,25,242,39,'1970-01-01',2723.00,2550.00,718.00,'partial','Autem illo possimus ut. Assumenda error ducimus tempora impedit voluptas illum voluptas. Aperiam sunt non omnis eius amet nam consectetur. Facere fuga excepturi deleniti beatae rerum.','2025-09-27 11:33:45','2025-09-27 11:33:45'),
	(368,8,41,408,43,'1970-01-01',2909.00,856.00,2533.00,'paid','Similique non velit totam accusantium. Et ut aspernatur soluta qui. Enim dolores veniam natus.','2025-09-27 11:33:45','2025-09-27 11:33:45'),
	(369,4,34,337,17,'1970-01-01',2300.00,4078.00,4594.00,'paid','Vitae aspernatur atque qui vel. Aliquid aut doloribus nisi ex. Aperiam error quia fugit blanditiis molestias consequatur cumque.','2025-09-27 11:33:45','2025-09-27 11:33:45'),
	(370,10,4,31,31,'1970-01-01',1337.00,4508.00,3130.00,'paid','Debitis quia velit qui quaerat perferendis consequatur. Dolorum eum quisquam qui praesentium hic sit. Qui et eaque molestias.','2025-09-27 11:33:45','2025-09-27 11:33:45'),
	(371,5,44,434,25,'1970-01-01',2670.00,2135.00,4114.00,'unpaid','Ipsa repudiandae possimus distinctio voluptatem dolore id. Vero veritatis cupiditate ut et natus ex qui.','2025-09-27 11:33:45','2025-09-27 11:33:45'),
	(372,8,50,492,6,'1970-01-01',1764.00,953.00,1646.00,'paid','Quasi molestiae et porro itaque error ipsam alias. Et ipsum eveniet velit debitis porro accusantium vel. Esse ea et temporibus enim. Esse dolorem doloribus consequatur ipsum porro asperiores.','2025-09-27 11:33:45','2025-09-27 11:33:45'),
	(373,5,44,436,44,'1970-01-01',2504.00,3974.00,698.00,'paid','Numquam velit recusandae amet quisquam porro necessitatibus. Maxime sit aspernatur in impedit. Tempore placeat totam laudantium quidem qui non.','2025-09-27 11:33:45','2025-09-27 11:33:45'),
	(374,8,9,88,21,'1970-01-01',2927.00,2312.00,4253.00,'paid','Accusantium eaque fugiat eligendi voluptatem sed accusamus sit. Vel nostrum voluptatem accusantium dolor voluptas omnis beatae. Cupiditate nostrum impedit eos dolorem. Ratione rerum ut et quae veniam et.','2025-09-27 11:33:45','2025-09-27 11:33:45'),
	(375,6,3,29,4,'1970-01-01',4374.00,3512.00,2188.00,'partial','Aut suscipit assumenda nam eligendi et nemo. Nihil recusandae in et veritatis. Voluptatem veritatis non voluptate consequatur. Est id a veniam repellendus est qui facilis. Sint temporibus sed ex commodi ut adipisci optio.','2025-09-27 11:33:45','2025-09-27 11:33:45'),
	(376,8,35,343,28,'1970-01-01',3734.00,2615.00,1526.00,'paid','Est vero vel quos doloribus aut. Corrupti sint ratione omnis dolore aut voluptas velit aspernatur. Nostrum saepe sint nobis dolorum est cumque. Qui unde voluptatem minima consequatur quaerat. Aut reiciendis dolor et rerum libero at.','2025-09-27 11:33:45','2025-09-27 11:33:45'),
	(377,3,45,448,21,'1970-01-01',1567.00,3053.00,3191.00,'partial','Placeat non consectetur tenetur. Eaque temporibus temporibus expedita minus aut laboriosam. Aut cum labore aperiam aperiam sunt odio sit corrupti. Cupiditate quos sint impedit recusandae voluptatem sed.','2025-09-27 11:33:45','2025-09-27 11:33:45'),
	(378,7,11,104,38,'1970-01-01',3401.00,3536.00,3562.00,'partial','In cumque eum et dolorem et. Et dolores labore dignissimos id voluptates sint. Molestiae aut corrupti omnis non.','2025-09-27 11:33:45','2025-09-27 11:33:45'),
	(379,2,17,166,27,'1970-01-01',3954.00,3469.00,4031.00,'unpaid','Sed magnam ad vel incidunt. Porro odio ipsa et facilis illo. Fuga placeat deleniti veniam aut modi aut amet.','2025-09-27 11:33:45','2025-09-27 11:33:45'),
	(380,10,38,372,28,'1970-01-01',3001.00,598.00,1715.00,'paid','Molestias placeat non commodi quidem provident iste. Magni odit voluptatem harum et similique ut rerum. Rerum quia minus eius explicabo. Quae nemo quos perferendis ab aut omnis odit. Cum adipisci assumenda facilis reiciendis qui.','2025-09-27 11:33:45','2025-09-27 11:33:45'),
	(381,8,35,349,11,'1970-01-01',4021.00,1910.00,1378.00,'partial','Ipsam harum dolor rerum magnam. Nihil est adipisci accusamus cumque. Omnis odit nisi consequatur neque praesentium libero.','2025-09-27 11:33:45','2025-09-27 11:33:45'),
	(382,3,30,300,20,'1970-01-01',3160.00,3452.00,3354.00,'paid','Sit dignissimos quisquam perferendis ut odio dicta consequatur beatae. Rerum ipsum optio et at sequi sed. Dignissimos id a nihil libero.','2025-09-27 11:33:45','2025-09-27 11:33:45'),
	(383,8,16,153,37,'1970-01-01',1227.00,3372.00,3437.00,'unpaid','Labore repudiandae magni fugit. Officiis qui modi quia magnam aut rerum. Impedit eum eveniet atque error quos.','2025-09-27 11:33:45','2025-09-27 11:33:45'),
	(384,9,14,138,26,'1970-01-01',1884.00,1206.00,3024.00,'paid','Iste atque eum fugiat harum consectetur corrupti quisquam. Debitis voluptatem quis doloribus sit accusantium. Est dolorum eligendi voluptatem amet quia. Nam consequatur nostrum quia.','2025-09-27 11:33:45','2025-09-27 11:33:45'),
	(385,5,44,438,8,'1970-01-01',1978.00,1129.00,4357.00,'unpaid','Dolores sequi et et aut repellat. Eos eum voluptatem accusantium voluptatem. Quia consequatur sunt dignissimos et sed repellat veritatis dolorem.','2025-09-27 11:33:45','2025-09-27 11:33:45'),
	(386,3,30,291,34,'1970-01-01',3883.00,1140.00,4823.00,'unpaid','Et optio in ea repudiandae eveniet deserunt minus. Labore perspiciatis eaque provident accusantium laudantium saepe odit. In ut libero aut delectus qui. Inventore distinctio iure nihil sed voluptas consequuntur temporibus.','2025-09-27 11:33:45','2025-09-27 11:33:45'),
	(387,7,42,411,41,'1970-01-01',1520.00,1541.00,797.00,'unpaid','Omnis nisi deleniti aliquam autem saepe at. Voluptates odit natus vel. Error et voluptatem consequuntur.','2025-09-27 11:33:45','2025-09-27 11:33:45'),
	(388,5,44,434,35,'1970-01-01',1040.00,1015.00,1753.00,'unpaid','Sit qui earum omnis soluta sit. Enim amet nisi unde quas vel. Esse voluptate ut alias aut vero mollitia vel. Magnam ab vero ab harum aliquid iusto.','2025-09-27 11:33:45','2025-09-27 11:33:45'),
	(389,6,46,453,18,'1970-01-01',1951.00,2423.00,3082.00,'unpaid','Odio facilis aut neque eum eum vel quos. Enim dicta aut quod et. Numquam aliquam ut in.','2025-09-27 11:33:45','2025-09-27 11:33:45'),
	(390,4,6,56,39,'1970-01-01',4251.00,1245.00,1026.00,'unpaid','Autem sunt cum sint sed similique odio. Veniam eaque eaque atque vel quo totam aut omnis. Incidunt non autem consequatur aut nihil. Quo iure aut et corporis officiis qui impedit. Consectetur et doloremque molestiae ut ab.','2025-09-27 11:33:45','2025-09-27 11:33:45'),
	(391,5,44,438,7,'1970-01-01',4264.00,2801.00,3692.00,'unpaid','Adipisci odio rerum necessitatibus hic necessitatibus. Quas laborum vel doloribus doloribus eos sed. Veniam qui consequuntur officia numquam et. Ex praesentium quia assumenda velit ut necessitatibus.','2025-09-27 11:33:45','2025-09-27 11:33:45'),
	(392,3,15,141,21,'1970-01-01',543.00,2868.00,2265.00,'unpaid','Aut voluptas in eius iusto repellat natus. Voluptatem adipisci quaerat fuga aliquam. Eveniet ea et facere vel magni. Beatae ut non laborum odit asperiores aut corrupti.','2025-09-27 11:33:45','2025-09-27 11:33:45'),
	(393,3,24,233,10,'1970-01-01',1020.00,2767.00,2759.00,'partial','Est enim aut aperiam est. Sunt earum vel in perferendis maiores qui. Atque reiciendis animi sit soluta ducimus. Ut inventore quisquam atque.','2025-09-27 11:33:45','2025-09-27 11:33:45'),
	(394,4,6,59,16,'1970-01-01',2659.00,1857.00,4738.00,'unpaid','Quia est ab explicabo cumque. Minus nostrum aliquam nemo non totam. Porro et occaecati aliquid et aut aperiam dolore.','2025-09-27 11:33:45','2025-09-27 11:33:45'),
	(395,3,30,291,16,'1970-01-01',1018.00,3457.00,3300.00,'partial','Dolorem nesciunt animi quia et adipisci. Molestiae et placeat excepturi sed. Nulla itaque earum ut ut.','2025-09-27 11:33:45','2025-09-27 11:33:45'),
	(396,5,44,440,6,'1970-01-01',3101.00,3048.00,4029.00,'partial','Similique quam eos illum et eaque possimus consequatur. Quas voluptatem dolorem tempore eum autem vero dolores magnam. Saepe eum est modi veritatis. Rerum iste fugit a placeat. Sit nulla error perferendis quibusdam aut fugit in voluptates.','2025-09-27 11:33:45','2025-09-27 11:33:45'),
	(397,8,41,409,24,'1970-01-01',1441.00,1519.00,2179.00,'partial','Et eum aut deserunt et. Veritatis quam rerum et. Eum deleniti magnam voluptate odio illum facere. Voluptatum mollitia aspernatur sit facere voluptatem qui et.','2025-09-27 11:33:45','2025-09-27 11:33:45'),
	(398,3,24,234,12,'1970-01-01',1633.00,2010.00,1346.00,'partial','Molestiae aut sed ut doloremque dolores rem. Ut veniam debitis fuga cumque cumque et ad. Illum voluptatem minima omnis odio temporibus.','2025-09-27 11:33:45','2025-09-27 11:33:45'),
	(399,6,7,62,16,'1970-01-01',2327.00,4389.00,660.00,'partial','Maiores et quam quia dolorem molestias. Aliquid excepturi dolorem alias quis in et quibusdam. Et maxime id aut nemo quia aperiam. Nesciunt repellat quia veritatis ut sed cupiditate.','2025-09-27 11:33:45','2025-09-27 11:33:45'),
	(400,3,30,298,41,'1970-01-01',4537.00,3781.00,3413.00,'unpaid','Accusantium libero nobis sit excepturi aut. Sit enim sequi aut iste asperiores optio odio consequatur. Quis quisquam occaecati eos in. Voluptatem tempora et non quisquam.','2025-09-27 11:33:45','2025-09-27 11:33:45'),
	(401,2,39,389,41,'1970-01-01',2491.00,2861.00,4438.00,'partial','Illum optio sit molestiae sapiente molestiae et. Totam autem perferendis voluptatibus cum vero et. Id corporis nostrum delectus ex repellat quam dolorem.','2025-09-27 11:33:45','2025-09-27 11:33:45'),
	(402,5,44,432,6,'1970-01-01',3232.00,3126.00,2255.00,'paid','Dolorem reiciendis minus ex molestiae rerum hic ut in. Ea saepe dolorem ut ipsa voluptatem tempora. Expedita quam consectetur atque ut dolore. Voluptatem nihil itaque animi perferendis. Impedit ex neque et aperiam sapiente fugit quas quis.','2025-09-27 11:33:45','2025-09-27 11:33:45'),
	(403,3,13,129,7,'1970-01-01',3919.00,4763.00,2485.00,'unpaid','Ad cumque aut voluptatem quia officiis voluptatem quaerat. Aperiam sint aut odit repellat sed reiciendis. At nam porro porro recusandae soluta.','2025-09-27 11:33:45','2025-09-27 11:33:45'),
	(404,3,24,233,15,'1970-01-01',1287.00,575.00,2098.00,'partial','In sequi ut natus et. Quidem ullam esse excepturi odit voluptas error quia. Optio accusantium et blanditiis reprehenderit et. Nostrum dolor cupiditate odit magnam dolore qui consequatur vel.','2025-09-27 11:33:45','2025-09-27 11:33:45'),
	(405,6,46,455,36,'1970-01-01',554.00,2790.00,3741.00,'paid','Magnam ducimus qui eligendi dignissimos animi. Omnis numquam aut ratione. Delectus nihil debitis quo quo laudantium praesentium quia.','2025-09-27 11:33:45','2025-09-27 11:33:45'),
	(406,4,34,339,12,'1970-01-01',3288.00,1897.00,1386.00,'unpaid','Expedita inventore nesciunt et ducimus nobis. Similique delectus animi quos et repellendus voluptatem ad. Aut ut quam eaque eos. Itaque quam cum rerum quis explicabo qui.','2025-09-27 11:33:45','2025-09-27 11:33:45'),
	(407,8,41,403,26,'1970-01-01',700.00,2601.00,3876.00,'unpaid','Sunt similique nesciunt et aspernatur deleniti accusamus tempora. Sit quos rerum ut et. Et occaecati eveniet est. Voluptatem illo dolorum harum culpa ipsum labore molestiae fugit.','2025-09-27 11:33:45','2025-09-27 11:33:45'),
	(408,8,35,342,32,'1970-01-01',3659.00,2871.00,660.00,'unpaid','Voluptas quasi adipisci facilis quaerat aut. Et et itaque cum et nobis sed voluptates. Aliquam delectus expedita in et. Adipisci voluptatem in qui voluptatem.','2025-09-27 11:33:45','2025-09-27 11:33:45'),
	(409,3,15,150,20,'1970-01-01',3463.00,2258.00,4996.00,'paid','Qui quia voluptas tempora enim quis harum nostrum. Vel ducimus delectus distinctio dolorem laudantium ipsam nemo. Repellat eos quibusdam dolorem iste eos harum nesciunt.','2025-09-27 11:33:45','2025-09-27 11:33:45'),
	(410,7,43,429,9,'1970-01-01',3060.00,858.00,2030.00,'unpaid','Error rerum natus et laudantium exercitationem cupiditate. Sequi dolorem mollitia qui quam laborum vitae quaerat. Dolores ea sed reiciendis magni ipsum rerum. Cum modi ut cum omnis repellat voluptate.','2025-09-27 11:33:45','2025-09-27 11:33:45'),
	(411,4,34,334,20,'1970-01-01',1104.00,3646.00,4266.00,'unpaid','Architecto explicabo et optio laboriosam. Voluptatem sed quo dolor culpa harum quia ipsum quia. Pariatur neque rerum impedit temporibus. Nulla et maiores nulla.','2025-09-27 11:33:45','2025-09-27 11:33:45'),
	(412,10,29,282,44,'1970-01-01',1555.00,4838.00,4501.00,'partial','Non laudantium sed sint consequatur qui adipisci itaque. Necessitatibus assumenda autem deleniti deleniti. Facilis tempore minus vitae quidem. Corporis hic commodi maxime eum quas dolores quo omnis.','2025-09-27 11:33:45','2025-09-27 11:33:45'),
	(413,8,50,491,8,'1970-01-01',4655.00,2578.00,2300.00,'unpaid','Quod voluptatum laborum consequatur exercitationem laborum vero temporibus. Vel sunt rerum eum iusto. Consectetur eveniet repellendus unde quas qui laboriosam. Ipsa id quidem voluptas repellendus.','2025-09-27 11:33:45','2025-09-27 11:33:45'),
	(414,5,44,440,28,'1970-01-01',1515.00,2208.00,1589.00,'paid','Modi sequi omnis veniam ipsum adipisci vel. Atque illo molestiae maxime quaerat et. Id sit vitae sed cupiditate accusantium.','2025-09-27 11:33:45','2025-09-27 11:33:45'),
	(415,4,10,98,28,'1970-01-01',4841.00,1158.00,3408.00,'unpaid','Nihil unde architecto perferendis ut dolore provident incidunt. Et repellendus sint deleniti officiis exercitationem. Veritatis exercitationem animi dolorum ut. Voluptate nisi qui dolorem voluptate sunt nihil aspernatur. Adipisci omnis velit et incidunt tenetur quaerat minima.','2025-09-27 11:33:45','2025-09-27 11:33:45'),
	(416,10,4,36,40,'1970-01-01',4644.00,4020.00,778.00,'paid','Quia aperiam exercitationem voluptas aperiam debitis adipisci. Consequatur fugit facilis beatae eaque assumenda. Animi illum sit qui adipisci cum.','2025-09-27 11:33:45','2025-09-27 11:33:45'),
	(417,4,40,392,28,'1970-01-01',3980.00,4124.00,1774.00,'partial','Veritatis unde eveniet corrupti ut veniam dignissimos sed. Quos non ex nostrum officiis ducimus. Ullam quae et modi impedit ratione facilis. Voluptatem eum omnis quibusdam mollitia. Aliquid veritatis sit nihil non nulla.','2025-09-27 11:33:45','2025-09-27 11:33:45'),
	(418,10,38,377,8,'1970-01-01',4156.00,2623.00,2271.00,'unpaid','Maiores quaerat laborum id reiciendis eum ad eum. Ex nulla debitis in aut odio. Quam natus veniam laboriosam accusantium. Velit sint nulla ab aut.','2025-09-27 11:33:45','2025-09-27 11:33:45'),
	(419,3,45,442,36,'1970-01-01',3723.00,3371.00,594.00,'partial','Expedita est voluptate et at. Rerum necessitatibus est eligendi quos omnis doloribus. Assumenda quidem fuga nobis repellat et expedita in.','2025-09-27 11:33:45','2025-09-27 11:33:45'),
	(420,7,11,108,35,'1970-01-01',3102.00,649.00,3721.00,'partial','Dicta consequatur minima omnis sequi id. Aut eum dolor est adipisci inventore non. Consequatur et autem rerum qui. Quasi velit officia nam.','2025-09-27 11:33:45','2025-09-27 11:33:45'),
	(421,3,45,442,18,'1970-01-01',2396.00,4467.00,507.00,'paid','Omnis unde voluptatem minima quam molestiae dolore incidunt. Quia quaerat aperiam autem corporis rerum possimus dolor. Temporibus hic fugit aliquid distinctio natus.','2025-09-27 11:33:45','2025-09-27 11:33:45'),
	(422,2,39,382,8,'1970-01-01',1094.00,2259.00,3874.00,'paid','Consectetur earum ex delectus esse est reprehenderit. Consectetur et quaerat ut aut et architecto. Et perferendis ut aut voluptatem aut officia et. Expedita blanditiis nesciunt atque alias neque eum.','2025-09-27 11:33:45','2025-09-27 11:33:45'),
	(423,2,39,387,18,'1970-01-01',2517.00,3705.00,1571.00,'partial','Ut voluptas atque quia voluptas et itaque esse. Qui autem unde sed sint. Culpa natus odit neque laudantium iste.','2025-09-27 11:33:45','2025-09-27 11:33:45'),
	(424,7,42,419,13,'1970-01-01',1391.00,628.00,1361.00,'paid','Reiciendis ut vel perferendis omnis dolorem. Libero consequatur sunt omnis excepturi et ipsam. Enim ea saepe asperiores quia. Qui beatae dolorem unde dicta consectetur consequatur. Et sit dolorem odio voluptatum qui blanditiis.','2025-09-27 11:33:45','2025-09-27 11:33:45'),
	(425,5,44,435,23,'1970-01-01',2268.00,4312.00,4812.00,'unpaid','Est amet odit error. Tempore odit ipsam sed et voluptas. Est saepe explicabo rerum autem vel.','2025-09-27 11:33:45','2025-09-27 11:33:45'),
	(426,10,38,373,2,'1970-01-01',3791.00,4332.00,505.00,'unpaid','Enim possimus iste consequatur suscipit. Esse eum ad at minus libero cumque perspiciatis maiores. Optio iste adipisci ut. Quod et beatae illo deserunt earum et ut.','2025-09-27 11:33:45','2025-09-27 11:33:45'),
	(427,9,25,241,22,'1970-01-01',3779.00,4772.00,4049.00,'partial','Eligendi sed ea in cupiditate. Non libero facere quia neque aliquam. Id ipsa optio neque ducimus distinctio. Minus illum iste necessitatibus quia.','2025-09-27 11:33:45','2025-09-27 11:33:45'),
	(428,4,8,73,1,'1970-01-01',3698.00,1143.00,3257.00,'paid','Aut perspiciatis dolore dignissimos molestiae. Sunt laboriosam sit nisi molestias vitae molestiae in expedita. Eos dignissimos et aut. Ea consequuntur suscipit deleniti. Voluptatum ipsum reprehenderit ipsam aspernatur voluptatibus cumque.','2025-09-27 11:33:45','2025-09-27 11:33:45'),
	(429,9,14,133,24,'1970-01-01',4692.00,1677.00,2461.00,'partial','Laudantium adipisci debitis quo ab alias ipsum et. Et ea ipsum quod sit facilis animi cumque voluptas. Vel qui laboriosam vel voluptatum in. Ut ipsam qui fugiat.','2025-09-27 11:33:45','2025-09-27 11:33:45'),
	(430,7,11,110,14,'1970-01-01',1755.00,4715.00,1840.00,'partial','Repellendus voluptatum aspernatur a dolores. Itaque sunt sunt velit incidunt explicabo aut. Sed pariatur debitis autem beatae.','2025-09-27 11:33:45','2025-09-27 11:33:45'),
	(431,6,21,207,20,'1970-01-01',1807.00,4933.00,4840.00,'partial','Sequi sit quaerat velit aperiam. Asperiores labore omnis ut non nam. Nihil sed ut occaecati qui. Vitae sit deleniti numquam totam laudantium repellat exercitationem.','2025-09-27 11:33:45','2025-09-27 11:33:45'),
	(432,2,31,301,16,'1970-01-01',4175.00,3886.00,2077.00,'unpaid','Error sit sequi impedit ratione. Molestiae excepturi recusandae sunt earum. Eaque quia fugit aliquid accusamus. Ut consectetur iusto magnam ipsum.','2025-09-27 11:33:45','2025-09-27 11:33:45'),
	(433,7,11,108,12,'1970-01-01',2387.00,4418.00,3310.00,'partial','Saepe laboriosam adipisci mollitia nihil architecto sequi in non. Doloribus eos ducimus itaque voluptatem enim rerum autem. Incidunt dolores qui eum consequuntur maxime eligendi natus eius.','2025-09-27 11:33:45','2025-09-27 11:33:45'),
	(434,7,5,45,44,'1970-01-01',1652.00,3402.00,801.00,'unpaid','Recusandae natus sapiente et eos ea ullam ut. Incidunt quo at consequatur quae perspiciatis culpa. Id temporibus sit quis dicta laboriosam commodi quae. Voluptatem excepturi molestiae ea qui nulla voluptas.','2025-09-27 11:33:45','2025-09-27 11:33:45'),
	(435,6,21,206,42,'1970-01-01',882.00,2404.00,2590.00,'unpaid','Aut aut nisi quia voluptatum ducimus reiciendis est. Sed earum excepturi architecto laudantium amet iste cum qui. Sapiente minima omnis ut blanditiis ut cupiditate facere.','2025-09-27 11:33:45','2025-09-27 11:33:45'),
	(436,3,24,231,42,'1970-01-01',2867.00,4689.00,3538.00,'partial','Odit inventore quod velit suscipit voluptate repellat pariatur provident. Est doloremque eos error soluta nihil maxime. Occaecati et consequatur aliquam dolorum cumque. In et illo amet aliquid possimus.','2025-09-27 11:33:45','2025-09-27 11:33:45'),
	(437,6,3,29,14,'1970-01-01',4257.00,1319.00,2569.00,'partial','Non debitis eum sed consequatur sit et. Quaerat eligendi fuga quam quidem.','2025-09-27 11:33:45','2025-09-27 11:33:45'),
	(438,4,2,14,18,'1970-01-01',1769.00,4216.00,4420.00,'partial','Rerum ut qui necessitatibus consectetur enim temporibus beatae quaerat. Quis quos dolores et quo omnis. Iste corrupti maxime amet.','2025-09-27 11:33:45','2025-09-27 11:33:45'),
	(439,7,42,418,13,'1970-01-01',866.00,3687.00,3188.00,'unpaid','Qui sapiente perferendis atque explicabo. Itaque unde exercitationem ipsa ut velit dolorem. Quasi quae eum ad illo.','2025-09-27 11:33:45','2025-09-27 11:33:45'),
	(440,8,9,81,1,'1970-01-01',4849.00,836.00,4556.00,'partial','Corporis temporibus sunt vel et dolorum quasi ut. Perferendis non officiis rerum. Pariatur mollitia quo enim et.','2025-09-27 11:33:45','2025-09-27 11:33:45'),
	(441,4,40,393,14,'1970-01-01',2385.00,1706.00,3537.00,'unpaid','Quasi dolorem asperiores aut eum inventore totam repellendus. Non consectetur accusamus accusantium animi commodi maxime consequatur. Et ipsa nam voluptatem reiciendis eos.','2025-09-27 11:33:45','2025-09-27 11:33:45'),
	(442,2,17,161,12,'1970-01-01',1732.00,2994.00,1793.00,'paid','Et quod dicta cumque veniam. Perferendis omnis pariatur voluptatem molestiae. Et non qui quo blanditiis occaecati consequuntur quam quaerat.','2025-09-27 11:33:45','2025-09-27 11:33:45'),
	(443,10,48,476,13,'1970-01-01',4695.00,514.00,1089.00,'partial','Sint aut distinctio natus adipisci voluptas nesciunt. Fugiat modi qui consequatur sed. Nihil expedita ullam minima sit molestiae enim. Error blanditiis totam aut dolorem aspernatur aut eum dolor.','2025-09-27 11:33:45','2025-09-27 11:33:45'),
	(444,7,11,108,33,'1970-01-01',2477.00,4695.00,3546.00,'partial','Quibusdam non rem voluptatem sapiente aut molestiae optio velit. Est voluptatum assumenda deserunt illum blanditiis reiciendis. Hic ut dolorem aut eveniet. Vero consequatur pariatur nemo dignissimos aliquam. Autem soluta et et nesciunt.','2025-09-27 11:33:45','2025-09-27 11:33:45'),
	(445,7,5,48,39,'1970-01-01',1942.00,534.00,4468.00,'unpaid','Nihil suscipit quia aut iste. Optio esse ut rerum consequatur. Odit aut quia est in. Sed praesentium voluptatem minus eveniet.','2025-09-27 11:33:45','2025-09-27 11:33:45'),
	(446,6,28,280,11,'1970-01-01',2705.00,2958.00,2212.00,'paid','Rerum debitis mollitia est itaque quibusdam voluptatibus fugiat. Illum dignissimos fugit blanditiis. Enim repudiandae incidunt reiciendis et vel sit non. Mollitia rerum suscipit reiciendis nemo laborum voluptas tempore.','2025-09-27 11:33:45','2025-09-27 11:33:45'),
	(447,8,35,341,4,'1970-01-01',3259.00,2554.00,3277.00,'partial','Cupiditate ratione totam quos tenetur est atque. Quidem exercitationem voluptas reiciendis nihil repudiandae ut. Sit assumenda repellendus illo ut.','2025-09-27 11:33:45','2025-09-27 11:33:45'),
	(448,10,29,290,24,'1970-01-01',4777.00,3720.00,4677.00,'paid','Sunt nisi saepe in quaerat adipisci sapiente esse. Odio provident aut doloribus non enim ut praesentium. Quisquam qui nihil modi nobis omnis optio quidem. Veniam dolor adipisci non recusandae inventore mollitia explicabo quis.','2025-09-27 11:33:45','2025-09-27 11:33:45'),
	(449,5,44,436,14,'1970-01-01',3818.00,2312.00,4456.00,'partial','Necessitatibus esse nam sapiente omnis unde quas. Unde doloribus cum dolores totam quasi. Et fugit est et rem placeat itaque. Ut aut magni ullam et qui.','2025-09-27 11:33:45','2025-09-27 11:33:45'),
	(450,3,15,141,9,'1970-01-01',3607.00,682.00,799.00,'paid','Voluptatem voluptatibus aliquam enim qui. Laborum labore accusamus et et sapiente quasi nam voluptatem. A dolor sint et nesciunt.','2025-09-27 11:33:45','2025-09-27 11:33:45'),
	(451,7,47,466,28,'1970-01-01',3770.00,4440.00,3017.00,'partial','Excepturi officiis expedita quisquam fuga dolores. Ad dolores esse exercitationem corporis sapiente occaecati rerum. Quasi et facere exercitationem rerum in.','2025-09-27 11:33:45','2025-09-27 11:33:45'),
	(452,3,45,449,24,'1970-01-01',3565.00,2419.00,3426.00,'paid','Error recusandae architecto at tempore. Quod quis explicabo ut aperiam.','2025-09-27 11:33:45','2025-09-27 11:33:45'),
	(453,2,36,360,18,'1970-01-01',1793.00,2985.00,4339.00,'partial','Consequatur enim eius exercitationem veniam ullam hic. Error ratione doloribus repudiandae optio odio blanditiis est. Id qui ratione qui tempore odio est harum. Consequuntur ut incidunt minus sequi tenetur similique vel.','2025-09-27 11:33:45','2025-09-27 11:33:45'),
	(454,2,36,358,3,'1970-01-01',1397.00,2518.00,804.00,'unpaid','Magnam inventore placeat qui aut dolor qui animi. Qui accusantium adipisci quia consequatur esse explicabo. Et iure sequi placeat suscipit quia aliquid quae.','2025-09-27 11:33:45','2025-09-27 11:33:45'),
	(455,9,1,4,25,'1970-01-01',2715.00,4315.00,555.00,'paid','Sed sed possimus tenetur est. Necessitatibus nulla dicta asperiores deleniti aspernatur qui. Quasi ipsum atque id. Et ratione nisi sunt eum qui incidunt.','2025-09-27 11:33:45','2025-09-27 11:33:45'),
	(456,3,15,147,9,'1970-01-01',4023.00,2460.00,4824.00,'unpaid','Sint aliquam in dolorum sit eligendi et voluptas. Similique consequuntur amet omnis necessitatibus incidunt minima omnis. Explicabo facere ut eos quas illum. Ut hic illo beatae commodi error voluptatem.','2025-09-27 11:33:45','2025-09-27 11:33:45'),
	(457,2,39,387,44,'1970-01-01',1226.00,3032.00,4175.00,'partial','Consequuntur unde et modi nihil numquam voluptates. Quasi adipisci non esse saepe consectetur. Et labore iure adipisci qui.','2025-09-27 11:33:45','2025-09-27 11:33:45'),
	(458,10,29,286,19,'1970-01-01',4237.00,1837.00,823.00,'paid','Reprehenderit corporis ipsam dignissimos beatae alias. Dolores eligendi consectetur est quo sunt deleniti. Dolor accusantium voluptates tempore est harum vel dolores.','2025-09-27 11:33:45','2025-09-27 11:33:45'),
	(459,4,8,75,37,'1970-01-01',1680.00,1746.00,4638.00,'unpaid','Fuga non est nesciunt est at nostrum placeat consequatur. Voluptas molestiae quasi fugiat vel est et. Enim eaque laboriosam dicta perspiciatis tenetur est possimus. Quidem delectus odit sed distinctio corrupti reiciendis quaerat aut.','2025-09-27 11:33:45','2025-09-27 11:33:45'),
	(460,10,48,477,32,'1970-01-01',2108.00,3167.00,2831.00,'partial','Et molestiae quibusdam cum. Corporis accusantium accusamus fugiat neque tempore sunt. Iusto fugiat nesciunt et. Qui illo pariatur rerum recusandae perferendis.','2025-09-27 11:33:45','2025-09-27 11:33:45'),
	(461,7,43,423,9,'1970-01-01',1763.00,2538.00,3944.00,'unpaid','Voluptatem dolorem ex voluptatem. Ducimus unde consequatur accusamus ratione sed illum.','2025-09-27 11:33:45','2025-09-27 11:33:45'),
	(462,5,44,434,32,'1970-01-01',2918.00,2804.00,3539.00,'unpaid','Rerum sunt velit incidunt et mollitia. In perspiciatis aut veritatis. A qui voluptatum blanditiis. Quis a earum minus commodi tempora expedita nostrum.','2025-09-27 11:33:45','2025-09-27 11:33:45'),
	(463,3,23,221,24,'1970-01-01',1383.00,3133.00,580.00,'paid','Aut libero blanditiis quis quo quod. Dolores quas eligendi aut vitae. Quas ut ex sequi quidem velit delectus nihil eveniet.','2025-09-27 11:33:45','2025-09-27 11:33:45'),
	(464,5,44,433,7,'1970-01-01',4862.00,3226.00,3075.00,'paid','Culpa ut nostrum provident rerum et labore dolores ipsa. Sapiente tenetur quidem quam sequi. Reiciendis corrupti mollitia et id voluptas error amet. Eius voluptatem dolore voluptatem sunt consequuntur consectetur.','2025-09-27 11:33:45','2025-09-27 11:33:45'),
	(465,5,44,438,37,'1970-01-01',4359.00,1904.00,2855.00,'partial','Possimus repudiandae sint sed neque. Dignissimos quis debitis natus qui. Dolorum voluptatem numquam unde. Eaque et repellat amet at dolor provident et.','2025-09-27 11:33:45','2025-09-27 11:33:45'),
	(466,2,12,120,17,'1970-01-01',3732.00,1694.00,2979.00,'unpaid','Minus ex quo itaque atque cumque consequuntur. Et deleniti ut molestiae autem. Maiores sit molestias accusamus nihil. Nisi voluptas quod fugit sunt.','2025-09-27 11:33:45','2025-09-27 11:33:45'),
	(467,8,50,498,33,'1970-01-01',3874.00,1317.00,4912.00,'paid','Error tenetur culpa asperiores. Sapiente impedit facilis voluptate deleniti sit aut. Numquam sit qui qui dolorem. Quos qui enim nesciunt sed.','2025-09-27 11:33:45','2025-09-27 11:33:45'),
	(468,7,20,200,35,'1970-01-01',574.00,3892.00,1227.00,'partial','Corrupti ullam rem esse aut quidem officia tempore. Dolores aut omnis ullam architecto. Eligendi laboriosam consequatur aut consequatur.','2025-09-27 11:33:45','2025-09-27 11:33:45'),
	(469,7,5,44,42,'1970-01-01',4721.00,1517.00,1253.00,'paid','Quaerat ducimus magnam quia quo vel maxime. Dicta cupiditate dolore atque fuga praesentium praesentium. Commodi ut tempore consequatur sint perspiciatis vero.','2025-09-27 11:33:45','2025-09-27 11:33:45'),
	(470,9,14,133,22,'1970-01-01',3047.00,1462.00,3558.00,'paid','Et enim sint laboriosam provident ad similique. Ipsum est maiores sed quos voluptatem nihil. Voluptatum minus reprehenderit atque est ut cupiditate. Placeat accusantium non aut qui aut itaque.','2025-09-27 11:33:45','2025-09-27 11:33:45'),
	(471,2,31,303,43,'1970-01-01',3345.00,1442.00,1763.00,'unpaid','Illo ex veritatis vitae debitis. Dolorum ut rerum nostrum. Illo incidunt sed temporibus saepe tempore sed at.','2025-09-27 11:33:45','2025-09-27 11:33:45'),
	(472,7,11,108,28,'1970-01-01',2741.00,4912.00,834.00,'unpaid','Aperiam et expedita asperiores facere totam. Aperiam consequatur vel ea repellat.','2025-09-27 11:33:45','2025-09-27 11:33:45'),
	(473,5,44,431,39,'1970-01-01',4013.00,3762.00,4029.00,'unpaid','Quibusdam labore ut qui dolor ipsam modi. Vel aut quis est laudantium aut. Ut voluptatibus eos ut expedita. Sunt dicta rerum quae et amet dolorem vitae sed.','2025-09-27 11:33:45','2025-09-27 11:33:45'),
	(474,2,22,217,2,'1970-01-01',4931.00,3603.00,1486.00,'paid','Ipsum est voluptas possimus quo non quas. In quos architecto aliquam fuga. Officiis magni porro id. Aliquam suscipit quae dolore illum consequatur quidem fugiat quo.','2025-09-27 11:33:45','2025-09-27 11:33:45'),
	(475,9,14,140,7,'1970-01-01',3571.00,2498.00,4327.00,'partial','Vero aut repudiandae voluptatum consectetur qui. Reprehenderit aut dolor tempora. Rerum dolor eius qui. Voluptates animi necessitatibus in.','2025-09-27 11:33:45','2025-09-27 11:33:45'),
	(476,4,8,72,24,'1970-01-01',2811.00,4802.00,3590.00,'partial','Ut totam quae maiores ut dolor. Suscipit aut quo ut. Mollitia nemo qui assumenda cum at.','2025-09-27 11:33:45','2025-09-27 11:33:45'),
	(477,6,28,280,43,'1970-01-01',4396.00,693.00,1622.00,'unpaid','Est quidem aut voluptate odit voluptatum maxime sunt. Velit optio sed ducimus et voluptatum. Sint eligendi autem quis praesentium. Eveniet eveniet quas in assumenda id deserunt. Enim quia quas minima iste ut architecto.','2025-09-27 11:33:45','2025-09-27 11:33:45'),
	(478,4,34,332,37,'1970-01-01',3292.00,4159.00,2181.00,'partial','Incidunt tempore et aliquam molestias dolorem. Quidem asperiores harum earum accusamus laboriosam molestiae.','2025-09-27 11:33:45','2025-09-27 11:33:45'),
	(479,3,13,123,29,'1970-01-01',1136.00,3185.00,3354.00,'partial','Ut id aut vel fugiat magni nihil. Est doloremque iste sunt sed. Adipisci veniam maiores ut sunt. Qui fugit et sed qui voluptate. Quisquam dicta enim laboriosam error doloremque.','2025-09-27 11:33:45','2025-09-27 11:33:45'),
	(480,4,18,176,7,'1970-01-01',2069.00,1525.00,2937.00,'unpaid','Dolorem quia aspernatur quas doloremque. Doloremque eum aut corporis officia voluptates eos. Iure quia officia asperiores officia.','2025-09-27 11:33:45','2025-09-27 11:33:45'),
	(481,3,24,237,11,'1970-01-01',2733.00,910.00,833.00,'partial','Eligendi voluptas nisi vitae commodi nam distinctio. Ipsum rerum voluptatum aut. Quaerat et totam nulla in quis et qui.','2025-09-27 11:33:45','2025-09-27 11:33:45'),
	(482,2,17,164,11,'1970-01-01',3514.00,4046.00,1783.00,'partial','Nam rerum earum et dolore non earum. Cupiditate minus vitae harum perspiciatis velit. Nesciunt quia inventore dolore omnis.','2025-09-27 11:33:45','2025-09-27 11:33:45'),
	(483,2,31,305,7,'1970-01-01',1891.00,3308.00,748.00,'unpaid','Quasi quidem et cupiditate magni quasi et. Inventore quo maiores quae. Repellendus consectetur velit quibusdam harum eligendi.','2025-09-27 11:33:45','2025-09-27 11:33:45'),
	(484,7,11,108,41,'1970-01-01',4901.00,872.00,4261.00,'partial','Voluptatem in et qui nostrum eum nam. Voluptates in sit enim quia. Earum et iure doloremque blanditiis accusantium.','2025-09-27 11:33:45','2025-09-27 11:33:45'),
	(485,6,21,209,43,'1970-01-01',1445.00,2330.00,4494.00,'partial','Officia quis temporibus et itaque iste eveniet quidem. Quisquam ut facilis corporis laborum voluptatem. Incidunt similique doloremque vero porro dolor et. Doloribus nulla accusamus magni quia distinctio minima.','2025-09-27 11:33:45','2025-09-27 11:33:45'),
	(486,4,8,76,18,'1970-01-01',503.00,3803.00,1293.00,'paid','Laborum sed aut beatae nobis vel autem fugit. Voluptatibus consequatur aut veniam veritatis unde repellendus. Velit eaque quo eos.','2025-09-27 11:33:45','2025-09-27 11:33:45'),
	(487,2,31,303,44,'1970-01-01',4676.00,2259.00,3973.00,'partial','Qui voluptas non dolor placeat inventore. Non totam porro at ducimus labore exercitationem. Et est earum quibusdam perferendis temporibus. Eos similique rerum dolor quo maxime ratione.','2025-09-27 11:33:45','2025-09-27 11:33:45'),
	(488,9,25,249,14,'1970-01-01',1901.00,4225.00,1078.00,'paid','Fugiat corporis sint id exercitationem facilis. Ut alias nihil expedita sapiente soluta quia. Nihil et atque minima dolorem maiores ex ut.','2025-09-27 11:33:45','2025-09-27 11:33:45'),
	(489,5,44,439,43,'1970-01-01',1648.00,4561.00,3077.00,'partial','Rerum omnis occaecati et aut expedita. Corporis quisquam laborum laboriosam architecto. Id adipisci aut vel amet necessitatibus aperiam.','2025-09-27 11:33:45','2025-09-27 11:33:45'),
	(490,2,22,211,20,'1970-01-01',3574.00,3638.00,3806.00,'paid','Necessitatibus inventore nisi totam sit pariatur dolorem numquam. Accusamus aut qui ea consequatur corporis. Non aspernatur totam aut quos.','2025-09-27 11:33:45','2025-09-27 11:33:45'),
	(491,4,8,80,8,'1970-01-01',4242.00,3468.00,2073.00,'partial','Veritatis necessitatibus enim et. Fugiat tempora ab maxime rerum inventore. Et debitis beatae nulla recusandae sequi.','2025-09-27 11:33:45','2025-09-27 11:33:45'),
	(492,7,47,462,24,'1970-01-01',4559.00,1016.00,615.00,'paid','Repellendus et consectetur exercitationem neque molestiae molestias. Sed odio et neque minima. Non minima accusantium est id.','2025-09-27 11:33:45','2025-09-27 11:33:45'),
	(493,9,14,139,29,'1970-01-01',4525.00,3825.00,2433.00,'unpaid','Ducimus a sit iure ducimus. Culpa amet rerum quam repellendus totam laboriosam illum. Non dolor sint a provident qui iusto consequatur.','2025-09-27 11:33:45','2025-09-27 11:33:45'),
	(494,10,48,480,33,'1970-01-01',3451.00,3982.00,3326.00,'partial','Explicabo et amet et itaque sunt et eveniet veniam. Porro sed ratione blanditiis. Omnis recusandae eveniet nihil voluptatum sunt voluptas rerum nisi. Voluptatibus animi vitae atque praesentium minus corporis.','2025-09-27 11:33:45','2025-09-27 11:33:45'),
	(495,3,13,122,31,'1970-01-01',3076.00,2966.00,3611.00,'partial','Deserunt velit officiis asperiores commodi quasi consequatur qui. Sed distinctio sit enim non doloremque. Sunt qui quia ullam modi soluta distinctio expedita. Placeat qui impedit optio aut aut quis.','2025-09-27 11:33:45','2025-09-27 11:33:45'),
	(496,10,38,380,5,'1970-01-01',4254.00,4688.00,2759.00,'paid','Provident quibusdam aut dignissimos placeat neque voluptatem enim. Recusandae odio dolore et unde sed. Aut ut corporis quo nesciunt autem omnis.','2025-09-27 11:33:45','2025-09-27 11:33:45'),
	(497,5,44,434,36,'1970-01-01',2646.00,3575.00,2619.00,'partial','Sed minima facilis iure fuga occaecati cupiditate. In impedit nemo sunt culpa ut ut id. Incidunt itaque placeat odit. Inventore doloremque libero qui.','2025-09-27 11:33:45','2025-09-27 11:33:45'),
	(498,6,26,256,42,'1970-01-01',2652.00,2630.00,3195.00,'paid','Consequuntur aut pariatur sed illum. Vel aut et et ipsum assumenda. Natus quas repudiandae aut dolores aut.','2025-09-27 11:33:45','2025-09-27 11:33:45'),
	(499,8,50,500,11,'1970-01-01',879.00,801.00,3672.00,'paid','Aut quisquam placeat ab. Corrupti facere cumque provident veritatis sit id.','2025-09-27 11:33:45','2025-09-27 11:33:45'),
	(500,5,44,431,1,'1970-01-01',638.00,3988.00,4611.00,'partial','Nam libero enim labore eos. Voluptate impedit provident nulla aliquid provident quia aut. Optio et consequatur est amet. Rerum dolores cum sed cupiditate quae eius.','2025-09-27 11:33:45','2025-09-27 11:33:45');

/*!40000 ALTER TABLE `bills` ENABLE KEYS */;
UNLOCK TABLES;


# Dump of table buildings
# ------------------------------------------------------------

DROP TABLE IF EXISTS `buildings`;

CREATE TABLE `buildings` (
  `id` bigint unsigned NOT NULL AUTO_INCREMENT,
  `owner_id` bigint unsigned NOT NULL,
  `name` varchar(255) COLLATE utf8mb4_unicode_ci NOT NULL,
  `address` varchar(255) COLLATE utf8mb4_unicode_ci DEFAULT NULL,
  `created_at` timestamp NULL DEFAULT NULL,
  `updated_at` timestamp NULL DEFAULT NULL,
  PRIMARY KEY (`id`),
  KEY `buildings_owner_id_foreign` (`owner_id`),
  CONSTRAINT `buildings_owner_id_foreign` FOREIGN KEY (`owner_id`) REFERENCES `users` (`id`) ON DELETE CASCADE
) ENGINE=InnoDB DEFAULT CHARSET=utf8mb4 COLLATE=utf8mb4_unicode_ci;

LOCK TABLES `buildings` WRITE;
/*!40000 ALTER TABLE `buildings` DISABLE KEYS */;

INSERT INTO `buildings` (`id`, `owner_id`, `name`, `address`, `created_at`, `updated_at`)
VALUES
	(1,9,'Bruen Ltd Apartments','9089 Zboncak Expressway Apt. 251\nCummingsfurt, DC 63873-1107','2025-09-27 11:33:44','2025-09-27 11:33:44'),
	(2,4,'Altenwerth-Watsica Apartments','831 Ernest Unions Apt. 232\nOndrickaland, OH 18173','2025-09-27 11:33:44','2025-09-27 11:33:44'),
	(3,6,'Hyatt, McKenzie and Casper Apartments','2690 Keshawn Trafficway Suite 586\nWest Amirhaven, AK 35456','2025-09-27 11:33:44','2025-09-27 11:33:44'),
	(4,10,'Feeney-Pouros Apartments','71674 Christophe Harbors\nToyfort, NY 79444','2025-09-27 11:33:44','2025-09-27 11:33:44'),
	(5,7,'Leannon PLC Apartments','18892 Ross Common\nNorth Sammy, WA 89488','2025-09-27 11:33:44','2025-09-27 11:33:44'),
	(6,4,'Jacobi-Thiel Apartments','461 Theodora Parkway\nGrahamshire, NJ 56085-5212','2025-09-27 11:33:44','2025-09-27 11:33:44'),
	(7,6,'Murray, Towne and Gulgowski Apartments','87828 Williamson Point Suite 533\nWest Micheal, WI 49070','2025-09-27 11:33:44','2025-09-27 11:33:44'),
	(8,4,'Koelpin-Mraz Apartments','192 Claudia Ridges Suite 121\nSarahberg, AK 62439-7020','2025-09-27 11:33:44','2025-09-27 11:33:44'),
	(9,8,'Howe Inc Apartments','8811 Schoen Point\nPort Amaya, GA 92817','2025-09-27 11:33:44','2025-09-27 11:33:44'),
	(10,4,'Weissnat Ltd Apartments','42758 Hodkiewicz Forest Suite 714\nWest Sincereport, DC 33035','2025-09-27 11:33:44','2025-09-27 11:33:44'),
	(11,7,'Aufderhar PLC Apartments','6631 Barton Drives\nSouth Alice, NM 15539','2025-09-27 11:33:44','2025-09-27 11:33:44'),
	(12,2,'Schowalter, Streich and Wilkinson Apartments','7194 Myles Garden\nBoehmville, WV 00430','2025-09-27 11:33:44','2025-09-27 11:33:44'),
	(13,3,'Aufderhar, Jast and Champlin Apartments','630 Alexane Dale Suite 336\nBrandyland, NM 22754-7021','2025-09-27 11:33:44','2025-09-27 11:33:44'),
	(14,9,'Howe, Bartell and Wisozk Apartments','4987 Boyer Mall\nKelvinchester, RI 67798-9776','2025-09-27 11:33:44','2025-09-27 11:33:44'),
	(15,3,'Spencer, Jast and Dach Apartments','896 Javon Spur\nKiannafort, MO 98209-1823','2025-09-27 11:33:44','2025-09-27 11:33:44'),
	(16,8,'Senger-Graham Apartments','976 Ebert Via\nCrysteltown, AR 53792-1237','2025-09-27 11:33:44','2025-09-27 11:33:44'),
	(17,2,'Senger-Fay Apartments','72137 Leslie Squares\nMedhurstside, ME 94637-5564','2025-09-27 11:33:44','2025-09-27 11:33:44'),
	(18,4,'Swift, Kuhlman and Goodwin Apartments','89703 Schulist Islands Apt. 768\nNorth Jonathanhaven, SC 56964-5091','2025-09-27 11:33:44','2025-09-27 11:33:44'),
	(19,6,'Wiegand, Walter and Harris Apartments','844 Horacio Point\nAnaisburgh, SD 91479','2025-09-27 11:33:44','2025-09-27 11:33:44'),
	(20,7,'Zieme LLC Apartments','81014 Douglas Greens\nHoegerport, UT 35782','2025-09-27 11:33:44','2025-09-27 11:33:44'),
	(21,6,'Langosh Inc Apartments','121 Chyna Manor Suite 527\nEmardburgh, ND 41424-2748','2025-09-27 11:33:44','2025-09-27 11:33:44'),
	(22,2,'Will-Bauch Apartments','3011 Eichmann Lock Apt. 805\nSouth Walker, OR 25307','2025-09-27 11:33:44','2025-09-27 11:33:44'),
	(23,3,'Watsica, Hill and McDermott Apartments','753 Allison Spurs Apt. 601\nCasperborough, SC 51193','2025-09-27 11:33:44','2025-09-27 11:33:44'),
	(24,3,'Bednar-Sawayn Apartments','247 Lakin Crossroad\nWest Randal, MT 57551','2025-09-27 11:33:44','2025-09-27 11:33:44'),
	(25,9,'Harber, Olson and Mitchell Apartments','4033 Langworth Bypass Apt. 757\nNew Dominic, NE 76470','2025-09-27 11:33:44','2025-09-27 11:33:44'),
	(26,6,'Bailey-Rodriguez Apartments','178 Torphy Street\nSouth Anahistad, NJ 15882-4393','2025-09-27 11:33:44','2025-09-27 11:33:44'),
	(27,8,'Medhurst, Terry and Kulas Apartments','48049 Larson Rue\nSouth Major, AK 96316','2025-09-27 11:33:44','2025-09-27 11:33:44'),
	(28,6,'Jacobson PLC Apartments','64810 Torphy Run Apt. 467\nLake Nikki, NH 20675-3983','2025-09-27 11:33:44','2025-09-27 11:33:44'),
	(29,10,'Koch Group Apartments','857 Lauryn Hollow Apt. 700\nBradyton, GA 65178','2025-09-27 11:33:44','2025-09-27 11:33:44'),
	(30,3,'West and Sons Apartments','377 Leonor Key\nSigridport, WA 98721-8527','2025-09-27 11:33:44','2025-09-27 11:33:44'),
	(31,2,'Mertz-Jast Apartments','35549 Dudley Roads Suite 240\nPort Grahamchester, WI 46981-2365','2025-09-27 11:33:44','2025-09-27 11:33:44'),
	(32,9,'Murazik-Rippin Apartments','2115 Gorczany Overpass\nEast Traceland, MA 12465-4625','2025-09-27 11:33:44','2025-09-27 11:33:44'),
	(33,6,'Streich-O\'Reilly Apartments','18860 Geovanny Squares Suite 618\nKyliemouth, AK 14887-4807','2025-09-27 11:33:44','2025-09-27 11:33:44'),
	(34,4,'Von Inc Apartments','589 Kertzmann Village\nCollierton, SC 89519','2025-09-27 11:33:44','2025-09-27 11:33:44'),
	(35,8,'Wolf, Thiel and Schoen Apartments','928 Streich Points\nNew Damarisview, IN 45041-2919','2025-09-27 11:33:44','2025-09-27 11:33:44'),
	(36,2,'Kessler-Gusikowski Apartments','96906 Clarabelle Lodge\nKatherineland, VT 52848-7278','2025-09-27 11:33:44','2025-09-27 11:33:44'),
	(37,3,'Daniel and Sons Apartments','1986 Sporer River Suite 474\nKalebmouth, RI 77510-2473','2025-09-27 11:33:44','2025-09-27 11:33:44'),
	(38,10,'Hoeger, Wuckert and Ferry Apartments','4793 Keeling Rapids Apt. 402\nNew Malcolm, IL 47828-9832','2025-09-27 11:33:44','2025-09-27 11:33:44'),
	(39,2,'Borer, Pfeffer and McCullough Apartments','3974 Zboncak Club Apt. 776\nDionmouth, VT 03072','2025-09-27 11:33:44','2025-09-27 11:33:44'),
	(40,4,'Schoen-Abernathy Apartments','80794 Stephen Stravenue\nEast Lexiestad, GA 80103-2560','2025-09-27 11:33:44','2025-09-27 11:33:44'),
	(41,8,'Hahn LLC Apartments','90907 Schultz Gateway Suite 056\nAkeemville, AL 80338','2025-09-27 11:33:44','2025-09-27 11:33:44'),
	(42,7,'Witting, Schneider and Morar Apartments','919 Marks Club Apt. 792\nMaximillianside, OH 25232-9694','2025-09-27 11:33:44','2025-09-27 11:33:44'),
	(43,7,'Collier-Jerde Apartments','975 Bailee Street\nTurcottebury, PA 52615-4256','2025-09-27 11:33:44','2025-09-27 11:33:44'),
	(44,5,'Bauch PLC Apartments','64597 Vicky Grove\nPurdyview, VT 18494-7269','2025-09-27 11:33:44','2025-09-27 11:33:44'),
	(45,3,'Leuschke PLC Apartments','8742 Cyril Circles Suite 685\nJerelhaven, OH 65863','2025-09-27 11:33:44','2025-09-27 11:33:44'),
	(46,6,'Ledner-Bode Apartments','88611 Schiller Isle\nKlockomouth, MI 21390','2025-09-27 11:33:44','2025-09-27 11:33:44'),
	(47,7,'Klocko LLC Apartments','666 Beier Summit\nCassidyfurt, LA 06246-5706','2025-09-27 11:33:44','2025-09-27 11:33:44'),
	(48,10,'Kozey-Stiedemann Apartments','9120 Toy Mountain Apt. 270\nSouth Alden, MI 70693','2025-09-27 11:33:44','2025-09-27 11:33:44'),
	(49,3,'Howe-Fahey Apartments','739 Bradtke Landing Suite 272\nMafaldachester, WI 37312-9976','2025-09-27 11:33:44','2025-09-27 11:33:44'),
	(50,8,'Kerluke-Franecki Apartments','384 Scottie Square Apt. 348\nWindlerburgh, WV 63512-4743','2025-09-27 11:33:44','2025-09-27 11:33:44');

/*!40000 ALTER TABLE `buildings` ENABLE KEYS */;
UNLOCK TABLES;


# Dump of table cache
# ------------------------------------------------------------

DROP TABLE IF EXISTS `cache`;

CREATE TABLE `cache` (
  `key` varchar(255) COLLATE utf8mb4_unicode_ci NOT NULL,
  `value` mediumtext COLLATE utf8mb4_unicode_ci NOT NULL,
  `expiration` int NOT NULL,
  PRIMARY KEY (`key`)
) ENGINE=InnoDB DEFAULT CHARSET=utf8mb4 COLLATE=utf8mb4_unicode_ci;



# Dump of table cache_locks
# ------------------------------------------------------------

DROP TABLE IF EXISTS `cache_locks`;

CREATE TABLE `cache_locks` (
  `key` varchar(255) COLLATE utf8mb4_unicode_ci NOT NULL,
  `owner` varchar(255) COLLATE utf8mb4_unicode_ci NOT NULL,
  `expiration` int NOT NULL,
  PRIMARY KEY (`key`)
) ENGINE=InnoDB DEFAULT CHARSET=utf8mb4 COLLATE=utf8mb4_unicode_ci;



# Dump of table failed_jobs
# ------------------------------------------------------------

DROP TABLE IF EXISTS `failed_jobs`;

CREATE TABLE `failed_jobs` (
  `id` bigint unsigned NOT NULL AUTO_INCREMENT,
  `uuid` varchar(255) COLLATE utf8mb4_unicode_ci NOT NULL,
  `connection` text COLLATE utf8mb4_unicode_ci NOT NULL,
  `queue` text COLLATE utf8mb4_unicode_ci NOT NULL,
  `payload` longtext COLLATE utf8mb4_unicode_ci NOT NULL,
  `exception` longtext COLLATE utf8mb4_unicode_ci NOT NULL,
  `failed_at` timestamp NOT NULL DEFAULT CURRENT_TIMESTAMP,
  PRIMARY KEY (`id`),
  UNIQUE KEY `failed_jobs_uuid_unique` (`uuid`)
) ENGINE=InnoDB DEFAULT CHARSET=utf8mb4 COLLATE=utf8mb4_unicode_ci;



# Dump of table flat_tenant
# ------------------------------------------------------------

DROP TABLE IF EXISTS `flat_tenant`;

CREATE TABLE `flat_tenant` (
  `id` bigint unsigned NOT NULL AUTO_INCREMENT,
  `flat_id` bigint unsigned NOT NULL,
  `tenant_id` bigint unsigned NOT NULL,
  `move_in` date DEFAULT NULL,
  `move_out` date DEFAULT NULL,
  `created_at` timestamp NULL DEFAULT NULL,
  `updated_at` timestamp NULL DEFAULT NULL,
  PRIMARY KEY (`id`),
  KEY `flat_tenant_flat_id_foreign` (`flat_id`),
  KEY `flat_tenant_tenant_id_foreign` (`tenant_id`),
  CONSTRAINT `flat_tenant_flat_id_foreign` FOREIGN KEY (`flat_id`) REFERENCES `flats` (`id`) ON DELETE CASCADE,
  CONSTRAINT `flat_tenant_tenant_id_foreign` FOREIGN KEY (`tenant_id`) REFERENCES `tenants` (`id`) ON DELETE CASCADE
) ENGINE=InnoDB DEFAULT CHARSET=utf8mb4 COLLATE=utf8mb4_unicode_ci;



# Dump of table flats
# ------------------------------------------------------------

DROP TABLE IF EXISTS `flats`;

CREATE TABLE `flats` (
  `id` bigint unsigned NOT NULL AUTO_INCREMENT,
  `building_id` bigint unsigned NOT NULL,
  `owner_id` bigint unsigned NOT NULL,
  `flat_number` varchar(255) COLLATE utf8mb4_unicode_ci NOT NULL,
  `flat_owner_name` varchar(255) COLLATE utf8mb4_unicode_ci NOT NULL,
  `flat_owner_phone` varchar(255) COLLATE utf8mb4_unicode_ci DEFAULT NULL,
  `created_at` timestamp NULL DEFAULT NULL,
  `updated_at` timestamp NULL DEFAULT NULL,
  PRIMARY KEY (`id`),
  KEY `flats_building_id_foreign` (`building_id`),
  KEY `flats_owner_id_building_id_index` (`owner_id`,`building_id`),
  KEY `flats_flat_number_index` (`flat_number`),
  CONSTRAINT `flats_building_id_foreign` FOREIGN KEY (`building_id`) REFERENCES `buildings` (`id`) ON DELETE CASCADE,
  CONSTRAINT `flats_owner_id_foreign` FOREIGN KEY (`owner_id`) REFERENCES `users` (`id`) ON DELETE CASCADE
) ENGINE=InnoDB DEFAULT CHARSET=utf8mb4 COLLATE=utf8mb4_unicode_ci;

LOCK TABLES `flats` WRITE;
/*!40000 ALTER TABLE `flats` DISABLE KEYS */;

INSERT INTO `flats` (`id`, `building_id`, `owner_id`, `flat_number`, `flat_owner_name`, `flat_owner_phone`, `created_at`, `updated_at`)
VALUES
	(1,1,6,'A-25','Dr. Della Fisher MD','+1.458.349.9260','2025-09-27 11:33:44','2025-09-27 11:33:44'),
	(2,1,6,'A-72','Clair Nader','+1.424.496.5227','2025-09-27 11:33:44','2025-09-27 11:33:44'),
	(3,1,9,'A-89','Mr. Rosendo Paucek','820-893-4834','2025-09-27 11:33:44','2025-09-27 11:33:44'),
	(4,1,10,'A-43','Mckenzie Leannon','1-302-461-2199','2025-09-27 11:33:44','2025-09-27 11:33:44'),
	(5,1,4,'A-19','Miss Jessyca Gerhold','+1.323.300.1617','2025-09-27 11:33:44','2025-09-27 11:33:44'),
	(6,1,2,'A-13','Treva Blanda MD','551-842-5809','2025-09-27 11:33:44','2025-09-27 11:33:44'),
	(7,1,9,'A-48','Koby Bartoletti','743.477.1994','2025-09-27 11:33:44','2025-09-27 11:33:44'),
	(8,1,7,'A-53','Humberto Cummerata','772.271.2543','2025-09-27 11:33:44','2025-09-27 11:33:44'),
	(9,1,6,'A-07','Kendrick Gerhold','+17439703171','2025-09-27 11:33:44','2025-09-27 11:33:44'),
	(10,1,6,'A-18','Matilda Hamill','432.589.6456','2025-09-27 11:33:44','2025-09-27 11:33:44'),
	(11,2,7,'A-85','Mrs. Alexandra Hodkiewicz MD','+1.231.765.9826','2025-09-27 11:33:44','2025-09-27 11:33:44'),
	(12,2,7,'A-17','Aida Morar Sr.','+1.339.316.6327','2025-09-27 11:33:44','2025-09-27 11:33:44'),
	(13,2,3,'A-27','Mr. Kamryn Ortiz','+1.559.750.2981','2025-09-27 11:33:44','2025-09-27 11:33:44'),
	(14,2,6,'A-23','Jaydon McCullough','559-861-8543','2025-09-27 11:33:44','2025-09-27 11:33:44'),
	(15,2,3,'A-46','Lane Marvin','(812) 995-0102','2025-09-27 11:33:44','2025-09-27 11:33:44'),
	(16,2,9,'A-97','Dr. Reanna Lind','(254) 440-9561','2025-09-27 11:33:44','2025-09-27 11:33:44'),
	(17,2,6,'A-71','Mae Stiedemann II','1-520-719-4706','2025-09-27 11:33:44','2025-09-27 11:33:44'),
	(18,2,3,'A-63','Natalie Nolan II','334-389-9196','2025-09-27 11:33:44','2025-09-27 11:33:44'),
	(19,2,7,'A-36','Jeanie McLaughlin MD','551.696.1095','2025-09-27 11:33:44','2025-09-27 11:33:44'),
	(20,2,3,'A-41','Aurelia Leuschke DDS','1-847-572-2809','2025-09-27 11:33:44','2025-09-27 11:33:44'),
	(21,3,5,'A-45','Karl Hamill','1-539-533-9585','2025-09-27 11:33:44','2025-09-27 11:33:44'),
	(22,3,3,'A-79','Jaden Willms','1-610-214-0980','2025-09-27 11:33:44','2025-09-27 11:33:44'),
	(23,3,9,'A-96','Adolphus Boyer','+1-930-345-5033','2025-09-27 11:33:44','2025-09-27 11:33:44'),
	(24,3,9,'A-78','Rosalia Morissette','979-779-3646','2025-09-27 11:33:44','2025-09-27 11:33:44'),
	(25,3,4,'A-40','Julia Lang','307.451.2964','2025-09-27 11:33:44','2025-09-27 11:33:44'),
	(26,3,4,'A-76','Brayan Yundt MD','260.966.5822','2025-09-27 11:33:44','2025-09-27 11:33:44'),
	(27,3,3,'A-12','Rosa Braun','(816) 789-7287','2025-09-27 11:33:44','2025-09-27 11:33:44'),
	(28,3,3,'A-55','Miss Juliana Littel','+1-231-493-0051','2025-09-27 11:33:44','2025-09-27 11:33:44'),
	(29,3,7,'A-62','Tod Rolfson DVM','(442) 233-4108','2025-09-27 11:33:44','2025-09-27 11:33:44'),
	(30,3,10,'A-79','Kevin Hermiston','+1 (678) 299-5746','2025-09-27 11:33:44','2025-09-27 11:33:44'),
	(31,4,4,'A-78','Dell Terry MD','(404) 477-6309','2025-09-27 11:33:44','2025-09-27 11:33:44'),
	(32,4,4,'A-85','Emie Connelly','+1.713.575.6353','2025-09-27 11:33:44','2025-09-27 11:33:44'),
	(33,4,3,'A-60','Prof. Isadore Kozey DVM','475-594-6379','2025-09-27 11:33:44','2025-09-27 11:33:44'),
	(34,4,3,'A-72','Cynthia Flatley','+1-947-953-7253','2025-09-27 11:33:44','2025-09-27 11:33:44'),
	(35,4,10,'A-84','Olen Cremin','(803) 580-5091','2025-09-27 11:33:44','2025-09-27 11:33:44'),
	(36,4,6,'A-49','Prof. Alyce Ondricka','706.337.4520','2025-09-27 11:33:44','2025-09-27 11:33:44'),
	(37,4,3,'A-05','Earnest Rippin','+1 (830) 249-1440','2025-09-27 11:33:44','2025-09-27 11:33:44'),
	(38,4,8,'A-83','Adrienne Abshire MD','(520) 462-5312','2025-09-27 11:33:44','2025-09-27 11:33:44'),
	(39,4,2,'A-70','Antone Koss V','(940) 431-3467','2025-09-27 11:33:44','2025-09-27 11:33:44'),
	(40,4,9,'A-18','Dr. Kassandra Doyle Jr.','640.826.6301','2025-09-27 11:33:44','2025-09-27 11:33:44'),
	(41,5,7,'A-46','Coty Hansen DDS','+1 (640) 764-9566','2025-09-27 11:33:44','2025-09-27 11:33:44'),
	(42,5,8,'A-56','Isabell Parisian','534-353-4441','2025-09-27 11:33:44','2025-09-27 11:33:44'),
	(43,5,10,'A-50','Joan Veum PhD','+1 (865) 388-1228','2025-09-27 11:33:44','2025-09-27 11:33:44'),
	(44,5,9,'A-56','Graciela McCullough V','830.943.7436','2025-09-27 11:33:44','2025-09-27 11:33:44'),
	(45,5,6,'A-75','Israel Kohler DDS','+1-408-667-2776','2025-09-27 11:33:44','2025-09-27 11:33:44'),
	(46,5,4,'A-27','Susanna Gibson Sr.','870-503-4235','2025-09-27 11:33:44','2025-09-27 11:33:44'),
	(47,5,6,'A-23','Lillian Bauch','+1.773.805.0632','2025-09-27 11:33:44','2025-09-27 11:33:44'),
	(48,5,4,'A-47','Rashad Wolf','+1 (520) 764-8566','2025-09-27 11:33:44','2025-09-27 11:33:44'),
	(49,5,8,'A-44','Ms. Gilda Wunsch','361-866-5172','2025-09-27 11:33:44','2025-09-27 11:33:44'),
	(50,5,10,'A-68','Leola Olson','520.925.3825','2025-09-27 11:33:44','2025-09-27 11:33:44'),
	(51,6,7,'A-78','Schuyler Berge','+1-623-729-0855','2025-09-27 11:33:44','2025-09-27 11:33:44'),
	(52,6,9,'A-81','Dock Ritchie I','1-337-890-2830','2025-09-27 11:33:44','2025-09-27 11:33:44'),
	(53,6,3,'A-07','Khalil Wuckert','(434) 672-6167','2025-09-27 11:33:44','2025-09-27 11:33:44'),
	(54,6,7,'A-48','Hailie Schiller','1-412-348-2850','2025-09-27 11:33:44','2025-09-27 11:33:44'),
	(55,6,7,'A-62','Watson Haley DVM','1-678-955-2665','2025-09-27 11:33:44','2025-09-27 11:33:44'),
	(56,6,8,'A-03','Lance Harber','+1-386-607-9290','2025-09-27 11:33:44','2025-09-27 11:33:44'),
	(57,6,8,'A-59','Prof. Lorine Bogisich','1-231-772-1819','2025-09-27 11:33:44','2025-09-27 11:33:44'),
	(58,6,6,'A-39','Rhett Zemlak','+1-607-362-4564','2025-09-27 11:33:44','2025-09-27 11:33:44'),
	(59,6,8,'A-57','Hazle Gutmann','+14843542809','2025-09-27 11:33:44','2025-09-27 11:33:44'),
	(60,6,7,'A-42','Yesenia Champlin','928-622-6677','2025-09-27 11:33:44','2025-09-27 11:33:44'),
	(61,7,8,'A-08','Hilma Hudson','+1 (410) 710-7764','2025-09-27 11:33:44','2025-09-27 11:33:44'),
	(62,7,7,'A-46','Maurice Torphy','575-868-4600','2025-09-27 11:33:44','2025-09-27 11:33:44'),
	(63,7,9,'A-84','Ms. Meggie Kshlerin DVM','1-838-743-9043','2025-09-27 11:33:44','2025-09-27 11:33:44'),
	(64,7,8,'A-16','Reid Fisher','+1.940.456.5512','2025-09-27 11:33:44','2025-09-27 11:33:44'),
	(65,7,2,'A-61','Mrs. Thelma Lang','1-203-407-9297','2025-09-27 11:33:44','2025-09-27 11:33:44'),
	(66,7,2,'A-46','Ewald Krajcik','+1 (347) 876-6657','2025-09-27 11:33:44','2025-09-27 11:33:44'),
	(67,7,7,'A-27','Makenzie West','1-402-767-2314','2025-09-27 11:33:44','2025-09-27 11:33:44'),
	(68,7,4,'A-56','Mr. Elton Jakubowski','1-423-639-7703','2025-09-27 11:33:44','2025-09-27 11:33:44'),
	(69,7,2,'A-16','Amaya Ward','712.451.0350','2025-09-27 11:33:44','2025-09-27 11:33:44'),
	(70,7,3,'A-87','Dr. Bret Rempel Jr.','1-747-255-4205','2025-09-27 11:33:44','2025-09-27 11:33:44'),
	(71,8,2,'A-81','Reilly Heaney II','+1.907.436.1841','2025-09-27 11:33:44','2025-09-27 11:33:44'),
	(72,8,4,'A-46','Eliezer Walsh','484.240.5250','2025-09-27 11:33:44','2025-09-27 11:33:44'),
	(73,8,4,'A-69','Dr. Maximillian Mante','(551) 716-6574','2025-09-27 11:33:44','2025-09-27 11:33:44'),
	(74,8,2,'A-70','Kaley Stracke','+15742532387','2025-09-27 11:33:44','2025-09-27 11:33:44'),
	(75,8,4,'A-52','Elinore Reynolds','1-380-789-7940','2025-09-27 11:33:44','2025-09-27 11:33:44'),
	(76,8,2,'A-40','Leonel Paucek','+1-563-421-3770','2025-09-27 11:33:44','2025-09-27 11:33:44'),
	(77,8,6,'A-56','Tatum Kuhic DDS','281.256.3762','2025-09-27 11:33:44','2025-09-27 11:33:44'),
	(78,8,3,'A-71','Antonetta Murphy','239.773.8701','2025-09-27 11:33:44','2025-09-27 11:33:44'),
	(79,8,7,'A-64','Mrs. Bette Morar','234-287-5494','2025-09-27 11:33:44','2025-09-27 11:33:44'),
	(80,8,3,'A-03','Stephanie Quigley','+1 (330) 216-0452','2025-09-27 11:33:44','2025-09-27 11:33:44'),
	(81,9,3,'A-78','Maegan Metz','361-397-7158','2025-09-27 11:33:44','2025-09-27 11:33:44'),
	(82,9,2,'A-75','Asha Hintz','(346) 400-2993','2025-09-27 11:33:44','2025-09-27 11:33:44'),
	(83,9,4,'A-92','Garrick Koepp V','(724) 638-0154','2025-09-27 11:33:44','2025-09-27 11:33:44'),
	(84,9,5,'A-07','Kiel Schamberger II','+1-559-539-8778','2025-09-27 11:33:44','2025-09-27 11:33:44'),
	(85,9,2,'A-76','Ramon Tromp','+1-559-239-4198','2025-09-27 11:33:44','2025-09-27 11:33:44'),
	(86,9,4,'A-67','Alphonso Kunde','+1 (209) 619-2559','2025-09-27 11:33:44','2025-09-27 11:33:44'),
	(87,9,2,'A-62','Marilou Beer','+1-480-230-3853','2025-09-27 11:33:44','2025-09-27 11:33:44'),
	(88,9,9,'A-81','Dr. Briana Sporer','+19517577576','2025-09-27 11:33:44','2025-09-27 11:33:44'),
	(89,9,6,'A-64','Lila Marvin','+1-509-804-3462','2025-09-27 11:33:44','2025-09-27 11:33:44'),
	(90,9,9,'A-54','Prof. Tony Huel DVM','+1-202-699-7251','2025-09-27 11:33:44','2025-09-27 11:33:44'),
	(91,10,8,'A-70','Bernita Pollich','+1-574-523-6544','2025-09-27 11:33:44','2025-09-27 11:33:44'),
	(92,10,4,'A-91','Benjamin Roob','+18704818611','2025-09-27 11:33:44','2025-09-27 11:33:44'),
	(93,10,10,'A-64','Audrey Emmerich','+1 (361) 341-7527','2025-09-27 11:33:44','2025-09-27 11:33:44'),
	(94,10,4,'A-45','Adella Pagac','(914) 592-2961','2025-09-27 11:33:44','2025-09-27 11:33:44'),
	(95,10,8,'A-11','Dr. Aniya Kohler','1-385-643-2993','2025-09-27 11:33:44','2025-09-27 11:33:44'),
	(96,10,8,'A-58','Cale Roob','+1 (309) 446-9491','2025-09-27 11:33:44','2025-09-27 11:33:44'),
	(97,10,9,'A-31','Nellie Littel','458.245.8844','2025-09-27 11:33:44','2025-09-27 11:33:44'),
	(98,10,4,'A-24','Eulah Padberg','217.855.8239','2025-09-27 11:33:44','2025-09-27 11:33:44'),
	(99,10,10,'A-28','Dedric Kub Jr.','765-994-3778','2025-09-27 11:33:44','2025-09-27 11:33:44'),
	(100,10,6,'A-72','Nikki Feest','+1-364-747-0176','2025-09-27 11:33:44','2025-09-27 11:33:44'),
	(101,11,3,'A-12','Miguel Connelly','+1.260.872.7145','2025-09-27 11:33:44','2025-09-27 11:33:44'),
	(102,11,3,'A-40','Velda Aufderhar','979.249.5920','2025-09-27 11:33:44','2025-09-27 11:33:44'),
	(103,11,2,'A-00','Mrs. Demetris West DDS','1-484-261-0995','2025-09-27 11:33:44','2025-09-27 11:33:44'),
	(104,11,10,'A-98','Isom Stiedemann','+1-678-251-1343','2025-09-27 11:33:44','2025-09-27 11:33:44'),
	(105,11,9,'A-38','Eloisa Schmidt','1-773-819-1035','2025-09-27 11:33:44','2025-09-27 11:33:44'),
	(106,11,6,'A-81','Alison Reichert','469-243-9279','2025-09-27 11:33:44','2025-09-27 11:33:44'),
	(107,11,7,'A-72','Freddy Rodriguez','+1-248-720-4254','2025-09-27 11:33:44','2025-09-27 11:33:44'),
	(108,11,3,'A-40','Vivian Brown','+1-307-743-9308','2025-09-27 11:33:44','2025-09-27 11:33:44'),
	(109,11,9,'A-80','Prof. Constantin Haley Jr.','+1 (640) 888-2504','2025-09-27 11:33:44','2025-09-27 11:33:44'),
	(110,11,2,'A-64','Miss Verona Kozey','1-410-333-7626','2025-09-27 11:33:44','2025-09-27 11:33:44'),
	(111,12,3,'A-19','Teresa Rolfson','1-762-301-4427','2025-09-27 11:33:44','2025-09-27 11:33:44'),
	(112,12,9,'A-65','Dr. Chance Flatley','+18644881322','2025-09-27 11:33:44','2025-09-27 11:33:44'),
	(113,12,6,'A-44','Prof. Tyree Mitchell DDS','(669) 520-4889','2025-09-27 11:33:44','2025-09-27 11:33:44'),
	(114,12,8,'A-03','Miss Elenora Kuhic Sr.','+1.339.491.0982','2025-09-27 11:33:44','2025-09-27 11:33:44'),
	(115,12,7,'A-52','Prof. Shaun Hill','+1-425-202-6736','2025-09-27 11:33:44','2025-09-27 11:33:44'),
	(116,12,7,'A-36','Armani Spinka','209-818-7594','2025-09-27 11:33:44','2025-09-27 11:33:44'),
	(117,12,3,'A-94','Darron Pouros','+1.680.562.7841','2025-09-27 11:33:44','2025-09-27 11:33:44'),
	(118,12,4,'A-99','Paxton Lubowitz','646-938-6298','2025-09-27 11:33:44','2025-09-27 11:33:44'),
	(119,12,7,'A-24','Ms. Dortha Satterfield Jr.','415-835-9438','2025-09-27 11:33:44','2025-09-27 11:33:44'),
	(120,12,2,'A-02','Lourdes Bosco I','+15599849330','2025-09-27 11:33:44','2025-09-27 11:33:44'),
	(121,13,10,'A-29','Alberto Carroll','1-763-907-5983','2025-09-27 11:33:44','2025-09-27 11:33:44'),
	(122,13,10,'A-35','Prof. Marilou Breitenberg','+1 (585) 389-0497','2025-09-27 11:33:44','2025-09-27 11:33:44'),
	(123,13,9,'A-33','Jaleel Rodriguez Jr.','240-880-4023','2025-09-27 11:33:44','2025-09-27 11:33:44'),
	(124,13,2,'A-37','Mr. Jaron Hand I','463.667.2313','2025-09-27 11:33:44','2025-09-27 11:33:44'),
	(125,13,8,'A-79','Matt Fay','910-362-3401','2025-09-27 11:33:44','2025-09-27 11:33:44'),
	(126,13,6,'A-94','Dr. Gladys Moen DVM','+1-615-434-7787','2025-09-27 11:33:44','2025-09-27 11:33:44'),
	(127,13,6,'A-82','Robin Bednar','1-724-622-6725','2025-09-27 11:33:44','2025-09-27 11:33:44'),
	(128,13,10,'A-05','Loren Cormier','+1-870-684-0417','2025-09-27 11:33:44','2025-09-27 11:33:44'),
	(129,13,7,'A-31','Lynn VonRueden','+1-254-697-8967','2025-09-27 11:33:44','2025-09-27 11:33:44'),
	(130,13,6,'A-51','Myriam O\'Hara II','(413) 412-1933','2025-09-27 11:33:44','2025-09-27 11:33:44'),
	(131,14,8,'A-67','Chloe Blick','1-234-474-3704','2025-09-27 11:33:44','2025-09-27 11:33:44'),
	(132,14,6,'A-42','Zackary Blick','1-620-797-1036','2025-09-27 11:33:44','2025-09-27 11:33:44'),
	(133,14,6,'A-98','Nakia Muller','941-212-3619','2025-09-27 11:33:44','2025-09-27 11:33:44'),
	(134,14,2,'A-37','Antonietta Runolfsson','+1-205-714-7356','2025-09-27 11:33:44','2025-09-27 11:33:44'),
	(135,14,4,'A-80','Patsy Jacobs','1-661-577-2945','2025-09-27 11:33:44','2025-09-27 11:33:44'),
	(136,14,10,'A-66','Madyson Runolfsson','+1 (847) 378-8990','2025-09-27 11:33:44','2025-09-27 11:33:44'),
	(137,14,10,'A-18','Stevie Lowe','+1-360-894-5320','2025-09-27 11:33:44','2025-09-27 11:33:44'),
	(138,14,4,'A-27','Miss Adela Weissnat','+1-203-632-5272','2025-09-27 11:33:44','2025-09-27 11:33:44'),
	(139,14,4,'A-89','Gus Larson MD','678.864.4734','2025-09-27 11:33:44','2025-09-27 11:33:44'),
	(140,14,4,'A-07','Dr. Alexzander Cronin PhD','+1-951-898-4007','2025-09-27 11:33:44','2025-09-27 11:33:44'),
	(141,15,4,'A-20','Javier Volkman','+1-662-328-1641','2025-09-27 11:33:44','2025-09-27 11:33:44'),
	(142,15,2,'A-48','Eldred Ritchie','+1.347.353.3707','2025-09-27 11:33:44','2025-09-27 11:33:44'),
	(143,15,3,'A-25','Dr. Reggie Hickle','+1 (631) 223-0480','2025-09-27 11:33:44','2025-09-27 11:33:44'),
	(144,15,9,'A-72','Kade Breitenberg','412.970.4727','2025-09-27 11:33:44','2025-09-27 11:33:44'),
	(145,15,3,'A-32','Roxane Morissette','1-520-731-4689','2025-09-27 11:33:44','2025-09-27 11:33:44'),
	(146,15,10,'A-33','Adaline Zieme V','724-519-9027','2025-09-27 11:33:44','2025-09-27 11:33:44'),
	(147,15,2,'A-29','Dr. Edyth Bernier','1-434-607-8294','2025-09-27 11:33:44','2025-09-27 11:33:44'),
	(148,15,6,'A-77','Mrs. Pasquale Gleichner DVM','+1 (209) 532-4946','2025-09-27 11:33:44','2025-09-27 11:33:44'),
	(149,15,9,'A-65','Prof. Lincoln Jast','(516) 794-4971','2025-09-27 11:33:44','2025-09-27 11:33:44'),
	(150,15,6,'A-79','Rosamond Wolff','(941) 216-4033','2025-09-27 11:33:44','2025-09-27 11:33:44'),
	(151,16,8,'A-86','Kristin Cronin','323-340-8804','2025-09-27 11:33:44','2025-09-27 11:33:44'),
	(152,16,2,'A-98','Mr. Brendan Jenkins III','830-273-5365','2025-09-27 11:33:44','2025-09-27 11:33:44'),
	(153,16,2,'A-51','Bria Simonis','380.834.4617','2025-09-27 11:33:44','2025-09-27 11:33:44'),
	(154,16,7,'A-46','Angela McCullough','1-320-210-9201','2025-09-27 11:33:44','2025-09-27 11:33:44'),
	(155,16,3,'A-24','Abagail Rohan Jr.','1-816-305-0372','2025-09-27 11:33:44','2025-09-27 11:33:44'),
	(156,16,4,'A-79','Hildegard Schinner','605-895-8195','2025-09-27 11:33:44','2025-09-27 11:33:44'),
	(157,16,6,'A-16','Prof. Gabriel Christiansen','+1-870-743-9363','2025-09-27 11:33:44','2025-09-27 11:33:44'),
	(158,16,9,'A-28','Miss Hellen Rippin','+1.872.535.0469','2025-09-27 11:33:44','2025-09-27 11:33:44'),
	(159,16,6,'A-12','Milford Kunze DDS','(862) 248-1055','2025-09-27 11:33:44','2025-09-27 11:33:44'),
	(160,16,2,'A-12','Prof. Claud Heaney','341.458.2429','2025-09-27 11:33:44','2025-09-27 11:33:44'),
	(161,17,8,'A-64','Aiyana Funk','+1-930-581-5652','2025-09-27 11:33:44','2025-09-27 11:33:44'),
	(162,17,3,'A-40','Prof. Emil Torphy','283-799-2101','2025-09-27 11:33:44','2025-09-27 11:33:44'),
	(163,17,6,'A-06','Jocelyn Grady','+1-308-415-7540','2025-09-27 11:33:44','2025-09-27 11:33:44'),
	(164,17,6,'A-45','Prof. Rosario Mohr','(606) 777-5652','2025-09-27 11:33:44','2025-09-27 11:33:44'),
	(165,17,4,'A-86','Marcelo Mayer','+1-210-447-4035','2025-09-27 11:33:44','2025-09-27 11:33:44'),
	(166,17,4,'A-67','Prof. Edwina Lebsack','360-521-1587','2025-09-27 11:33:44','2025-09-27 11:33:44'),
	(167,17,3,'A-55','Dr. Brooke Mohr Sr.','+19808615052','2025-09-27 11:33:44','2025-09-27 11:33:44'),
	(168,17,6,'A-49','Dr. Kevon Boyle PhD','(564) 406-4381','2025-09-27 11:33:44','2025-09-27 11:33:44'),
	(169,17,6,'A-90','Wilmer Gibson','+1-612-460-6083','2025-09-27 11:33:44','2025-09-27 11:33:44'),
	(170,17,9,'A-77','Dallas Weber','(361) 594-2039','2025-09-27 11:33:44','2025-09-27 11:33:44'),
	(171,18,6,'A-76','Dr. Carmel Farrell','580.576.3942','2025-09-27 11:33:44','2025-09-27 11:33:44'),
	(172,18,4,'A-48','Loy Hickle','+1.828.345.4677','2025-09-27 11:33:44','2025-09-27 11:33:44'),
	(173,18,7,'A-82','Santina Bogisich','+1-445-636-4091','2025-09-27 11:33:44','2025-09-27 11:33:44'),
	(174,18,9,'A-77','Cristian Gaylord','+1.878.600.0255','2025-09-27 11:33:44','2025-09-27 11:33:44'),
	(175,18,6,'A-45','Aurelio Kiehn DVM','+1-651-221-7048','2025-09-27 11:33:44','2025-09-27 11:33:44'),
	(176,18,2,'A-26','Kiarra Terry','1-234-258-3818','2025-09-27 11:33:44','2025-09-27 11:33:44'),
	(177,18,7,'A-08','Miss Kristin Vandervort','+1-804-559-8695','2025-09-27 11:33:44','2025-09-27 11:33:44'),
	(178,18,8,'A-77','Marcel Hagenes','+1.628.464.1353','2025-09-27 11:33:44','2025-09-27 11:33:44'),
	(179,18,7,'A-90','Izabella Wisozk','+1-301-895-4508','2025-09-27 11:33:44','2025-09-27 11:33:44'),
	(180,18,8,'A-32','Mrs. Otilia Hagenes III','+16828505399','2025-09-27 11:33:44','2025-09-27 11:33:44'),
	(181,19,4,'A-37','Zack Marks','+1-463-208-1645','2025-09-27 11:33:44','2025-09-27 11:33:44'),
	(182,19,4,'A-47','Ludwig Wisozk','(513) 405-8586','2025-09-27 11:33:44','2025-09-27 11:33:44'),
	(183,19,5,'A-73','Teresa Prohaska','(929) 443-1514','2025-09-27 11:33:44','2025-09-27 11:33:44'),
	(184,19,6,'A-10','Carolina Runolfsson DVM','+1 (539) 216-8815','2025-09-27 11:33:44','2025-09-27 11:33:44'),
	(185,19,3,'A-84','Oral Nitzsche','+1 (512) 457-4967','2025-09-27 11:33:44','2025-09-27 11:33:44'),
	(186,19,2,'A-43','Carissa Lindgren','+13345372875','2025-09-27 11:33:44','2025-09-27 11:33:44'),
	(187,19,4,'A-08','Dr. Antoinette Purdy','(270) 284-7458','2025-09-27 11:33:44','2025-09-27 11:33:44'),
	(188,19,4,'A-76','Daryl Kautzer Jr.','541-970-1577','2025-09-27 11:33:44','2025-09-27 11:33:44'),
	(189,19,9,'A-26','Prof. Christop Lubowitz III','+1-480-282-9948','2025-09-27 11:33:44','2025-09-27 11:33:44'),
	(190,19,6,'A-46','Gilda Willms','779-539-5723','2025-09-27 11:33:44','2025-09-27 11:33:44'),
	(191,20,3,'A-20','Esmeralda Nolan','+1-781-709-1275','2025-09-27 11:33:44','2025-09-27 11:33:44'),
	(192,20,6,'A-56','Pattie Franecki','706.883.7149','2025-09-27 11:33:44','2025-09-27 11:33:44'),
	(193,20,6,'A-54','Dr. Emma Reinger','+1-225-871-0894','2025-09-27 11:33:44','2025-09-27 11:33:44'),
	(194,20,3,'A-14','Alexane Hoppe MD','747.514.2732','2025-09-27 11:33:44','2025-09-27 11:33:44'),
	(195,20,4,'A-66','Adolfo Ullrich PhD','+1-484-916-9667','2025-09-27 11:33:44','2025-09-27 11:33:44'),
	(196,20,2,'A-46','Dr. Javon Leuschke Sr.','1-305-585-3746','2025-09-27 11:33:44','2025-09-27 11:33:44'),
	(197,20,3,'A-11','Dr. Selmer Hintz','+13607229902','2025-09-27 11:33:44','2025-09-27 11:33:44'),
	(198,20,7,'A-95','Mr. Stephon Mraz','+1-952-803-1070','2025-09-27 11:33:44','2025-09-27 11:33:44'),
	(199,20,7,'A-00','Kyler Jacobs','+18285746477','2025-09-27 11:33:44','2025-09-27 11:33:44'),
	(200,20,3,'A-07','Justina Kuhn','1-337-455-4172','2025-09-27 11:33:44','2025-09-27 11:33:44'),
	(201,21,10,'A-54','Stephen Kozey MD','410.403.3288','2025-09-27 11:33:44','2025-09-27 11:33:44'),
	(202,21,4,'A-10','Yessenia Bahringer','+1 (973) 767-8477','2025-09-27 11:33:44','2025-09-27 11:33:44'),
	(203,21,4,'A-63','Theresia Rutherford I','+1 (520) 509-1097','2025-09-27 11:33:44','2025-09-27 11:33:44'),
	(204,21,10,'A-57','Etha McKenzie III','1-575-928-3149','2025-09-27 11:33:44','2025-09-27 11:33:44'),
	(205,21,3,'A-35','Alexandrea Cummings','+1-256-977-4290','2025-09-27 11:33:44','2025-09-27 11:33:44'),
	(206,21,7,'A-10','Mavis Kemmer DDS','1-325-543-5349','2025-09-27 11:33:44','2025-09-27 11:33:44'),
	(207,21,7,'A-30','Aaron Hodkiewicz III','+1-629-885-9348','2025-09-27 11:33:44','2025-09-27 11:33:44'),
	(208,21,10,'A-45','Dr. Bryon Dickinson V','1-442-593-6676','2025-09-27 11:33:44','2025-09-27 11:33:44'),
	(209,21,5,'A-13','Abagail O\'Conner','1-475-994-2549','2025-09-27 11:33:44','2025-09-27 11:33:44'),
	(210,21,4,'A-18','Lemuel Lynch','856-541-3343','2025-09-27 11:33:44','2025-09-27 11:33:44'),
	(211,22,6,'A-33','Israel Barton','(802) 253-3073','2025-09-27 11:33:44','2025-09-27 11:33:44'),
	(212,22,7,'A-67','Cyrus Auer','+16788789517','2025-09-27 11:33:44','2025-09-27 11:33:44'),
	(213,22,3,'A-32','Ena Raynor','1-641-955-0058','2025-09-27 11:33:44','2025-09-27 11:33:44'),
	(214,22,7,'A-79','Vada Hayes','563.383.3210','2025-09-27 11:33:44','2025-09-27 11:33:44'),
	(215,22,4,'A-17','Mr. Pietro Runte','1-919-286-9622','2025-09-27 11:33:44','2025-09-27 11:33:44'),
	(216,22,6,'A-12','Giovanni Kohler','(404) 796-9420','2025-09-27 11:33:44','2025-09-27 11:33:44'),
	(217,22,6,'A-90','Dr. Sonny Kuhic IV','+1.424.454.7534','2025-09-27 11:33:44','2025-09-27 11:33:44'),
	(218,22,4,'A-12','Carolyne Wunsch','+1-425-799-0501','2025-09-27 11:33:44','2025-09-27 11:33:44'),
	(219,22,2,'A-78','Kitty Emard','+1-920-696-9095','2025-09-27 11:33:44','2025-09-27 11:33:44'),
	(220,22,6,'A-08','Burley Walsh','570.548.9667','2025-09-27 11:33:44','2025-09-27 11:33:44'),
	(221,23,4,'A-76','Mrs. Chaya Hartmann','(513) 997-8507','2025-09-27 11:33:44','2025-09-27 11:33:44'),
	(222,23,2,'A-17','Guy Kris','+1-854-288-1661','2025-09-27 11:33:44','2025-09-27 11:33:44'),
	(223,23,7,'A-66','Lacy Rice','+14582225856','2025-09-27 11:33:44','2025-09-27 11:33:44'),
	(224,23,6,'A-59','Angelina Runolfsson','+1 (520) 542-3086','2025-09-27 11:33:44','2025-09-27 11:33:44'),
	(225,23,8,'A-22','Rodrick Runolfsson','661-697-4818','2025-09-27 11:33:44','2025-09-27 11:33:44'),
	(226,23,4,'A-22','Dessie Toy','480.529.6163','2025-09-27 11:33:44','2025-09-27 11:33:44'),
	(227,23,9,'A-61','Jasmin Denesik','+1-386-652-5478','2025-09-27 11:33:44','2025-09-27 11:33:44'),
	(228,23,3,'A-98','Kelvin Jaskolski','804.569.0813','2025-09-27 11:33:44','2025-09-27 11:33:44'),
	(229,23,8,'A-37','Yasmin Mraz','+1.628.933.3419','2025-09-27 11:33:44','2025-09-27 11:33:44'),
	(230,23,7,'A-07','Prof. Paul Hickle III','1-843-939-3155','2025-09-27 11:33:44','2025-09-27 11:33:44'),
	(231,24,4,'A-83','Lenna Marks','+1.339.255.9396','2025-09-27 11:33:44','2025-09-27 11:33:44'),
	(232,24,10,'A-36','Mrs. Hollie Watsica II','(608) 301-7541','2025-09-27 11:33:44','2025-09-27 11:33:44'),
	(233,24,8,'A-80','Libbie Kerluke','901.496.5007','2025-09-27 11:33:44','2025-09-27 11:33:44'),
	(234,24,9,'A-93','Eriberto Rosenbaum V','646-768-6755','2025-09-27 11:33:44','2025-09-27 11:33:44'),
	(235,24,8,'A-32','Beatrice Yost','+1-831-989-6491','2025-09-27 11:33:44','2025-09-27 11:33:44'),
	(236,24,4,'A-06','Quinn Baumbach','1-657-227-0885','2025-09-27 11:33:44','2025-09-27 11:33:44'),
	(237,24,6,'A-56','Marley Blick','+14055910039','2025-09-27 11:33:44','2025-09-27 11:33:44'),
	(238,24,7,'A-04','Nicholaus Greenholt','(682) 725-3310','2025-09-27 11:33:44','2025-09-27 11:33:44'),
	(239,24,4,'A-66','Bruce Hilpert I','(534) 804-9946','2025-09-27 11:33:44','2025-09-27 11:33:44'),
	(240,24,4,'A-90','Gage Block','878.793.7924','2025-09-27 11:33:44','2025-09-27 11:33:44'),
	(241,25,8,'A-91','Cordell Heidenreich','986-392-5788','2025-09-27 11:33:44','2025-09-27 11:33:44'),
	(242,25,3,'A-47','Miss Shaina Dach DDS','774.371.3486','2025-09-27 11:33:44','2025-09-27 11:33:44'),
	(243,25,5,'A-88','Mr. Chandler Stiedemann','817.455.4150','2025-09-27 11:33:44','2025-09-27 11:33:44'),
	(244,25,6,'A-00','Dr. Arely Gottlieb','563-953-9646','2025-09-27 11:33:44','2025-09-27 11:33:44'),
	(245,25,3,'A-24','Dr. Janis Brakus','+1 (706) 304-7205','2025-09-27 11:33:44','2025-09-27 11:33:44'),
	(246,25,3,'A-67','Connor Ortiz','904-766-7004','2025-09-27 11:33:44','2025-09-27 11:33:44'),
	(247,25,2,'A-33','Miss Estefania Grant Sr.','(254) 736-8165','2025-09-27 11:33:44','2025-09-27 11:33:44'),
	(248,25,8,'A-21','Anthony Nienow','(865) 451-8783','2025-09-27 11:33:44','2025-09-27 11:33:44'),
	(249,25,3,'A-03','Velda Hansen','1-559-700-0644','2025-09-27 11:33:44','2025-09-27 11:33:44'),
	(250,25,7,'A-02','Deontae Sawayn','1-424-274-0106','2025-09-27 11:33:44','2025-09-27 11:33:44'),
	(251,26,2,'A-50','Ettie Champlin III','+1-440-237-3194','2025-09-27 11:33:44','2025-09-27 11:33:44'),
	(252,26,6,'A-17','Jacklyn Haag','804.545.5626','2025-09-27 11:33:44','2025-09-27 11:33:44'),
	(253,26,10,'A-90','Fidel Mayert II','+16672011813','2025-09-27 11:33:44','2025-09-27 11:33:44'),
	(254,26,3,'A-62','Hailee Conroy Jr.','+1-606-418-7492','2025-09-27 11:33:44','2025-09-27 11:33:44'),
	(255,26,2,'A-30','Stephany Emard','+1 (919) 509-7279','2025-09-27 11:33:44','2025-09-27 11:33:44'),
	(256,26,6,'A-87','Taylor Legros','1-804-445-1698','2025-09-27 11:33:44','2025-09-27 11:33:44'),
	(257,26,2,'A-64','Prof. Gabriel Stracke','1-434-503-5793','2025-09-27 11:33:44','2025-09-27 11:33:44'),
	(258,26,4,'A-62','Orrin Bode','435.485.0714','2025-09-27 11:33:44','2025-09-27 11:33:44'),
	(259,26,6,'A-58','Dr. Jeffry Russel','+1-813-639-1764','2025-09-27 11:33:44','2025-09-27 11:33:44'),
	(260,26,4,'A-45','Gust Fisher','+1-725-938-2446','2025-09-27 11:33:44','2025-09-27 11:33:44'),
	(261,27,4,'A-89','Marcos Senger','276-767-8561','2025-09-27 11:33:44','2025-09-27 11:33:44'),
	(262,27,8,'A-58','Dr. Una Gottlieb III','304-808-7897','2025-09-27 11:33:44','2025-09-27 11:33:44'),
	(263,27,6,'A-67','Nathaniel Abernathy','+1 (313) 499-4819','2025-09-27 11:33:44','2025-09-27 11:33:44'),
	(264,27,10,'A-92','Jacquelyn Hamill','+1 (786) 224-6243','2025-09-27 11:33:44','2025-09-27 11:33:44'),
	(265,27,2,'A-45','Mr. Laurel Spinka DDS','928-650-5196','2025-09-27 11:33:44','2025-09-27 11:33:44'),
	(266,27,3,'A-03','Gregoria Denesik','+1 (443) 870-1210','2025-09-27 11:33:44','2025-09-27 11:33:44'),
	(267,27,6,'A-62','Timothy Armstrong','+1-775-890-7271','2025-09-27 11:33:44','2025-09-27 11:33:44'),
	(268,27,2,'A-96','Marisa Rippin','+1.380.475.7843','2025-09-27 11:33:44','2025-09-27 11:33:44'),
	(269,27,6,'A-13','Noemie Dare','(256) 209-1033','2025-09-27 11:33:44','2025-09-27 11:33:44'),
	(270,27,4,'A-72','Clark Hackett','(657) 335-4028','2025-09-27 11:33:44','2025-09-27 11:33:44'),
	(271,28,10,'A-81','Prof. Florencio Torp','+14307871906','2025-09-27 11:33:44','2025-09-27 11:33:44'),
	(272,28,3,'A-70','Christa McDermott','302.841.6054','2025-09-27 11:33:44','2025-09-27 11:33:44'),
	(273,28,9,'A-47','Dee Nienow','458-841-5904','2025-09-27 11:33:44','2025-09-27 11:33:44'),
	(274,28,5,'A-55','Maye McDermott','626.259.9114','2025-09-27 11:33:44','2025-09-27 11:33:44'),
	(275,28,3,'A-05','Laurie Goldner','+19496268397','2025-09-27 11:33:44','2025-09-27 11:33:44'),
	(276,28,3,'A-83','Ms. Alta Olson','407.265.6768','2025-09-27 11:33:44','2025-09-27 11:33:44'),
	(277,28,10,'A-73','Breanna Jacobi','734.614.2626','2025-09-27 11:33:44','2025-09-27 11:33:44'),
	(278,28,7,'A-49','Isaiah Carter','+1-947-675-9378','2025-09-27 11:33:44','2025-09-27 11:33:44'),
	(279,28,3,'A-19','Delbert Zieme','+1-517-269-8984','2025-09-27 11:33:44','2025-09-27 11:33:44'),
	(280,28,7,'A-28','Dr. Herta Heaney','+1-814-778-0948','2025-09-27 11:33:44','2025-09-27 11:33:44'),
	(281,29,3,'A-45','Rahsaan Murray IV','(786) 767-6422','2025-09-27 11:33:44','2025-09-27 11:33:44'),
	(282,29,2,'A-85','Jennings Gorczany','480.767.0758','2025-09-27 11:33:44','2025-09-27 11:33:44'),
	(283,29,3,'A-91','Ms. Maribel Kerluke DDS','1-539-717-9486','2025-09-27 11:33:44','2025-09-27 11:33:44'),
	(284,29,4,'A-44','Karson Brakus','+1-413-979-9149','2025-09-27 11:33:44','2025-09-27 11:33:44'),
	(285,29,2,'A-64','Clara Moen','539-933-8224','2025-09-27 11:33:44','2025-09-27 11:33:44'),
	(286,29,10,'A-25','Brant Parker I','984-577-9055','2025-09-27 11:33:44','2025-09-27 11:33:44'),
	(287,29,8,'A-10','Kimberly Dare','(361) 705-5410','2025-09-27 11:33:44','2025-09-27 11:33:44'),
	(288,29,6,'A-52','Romaine Jones II','270.342.4261','2025-09-27 11:33:44','2025-09-27 11:33:44'),
	(289,29,7,'A-45','Mrs. Addison Fahey MD','+19016388744','2025-09-27 11:33:44','2025-09-27 11:33:44'),
	(290,29,3,'A-01','Kelton Stracke V','1-984-816-1794','2025-09-27 11:33:44','2025-09-27 11:33:44'),
	(291,30,6,'A-58','Efrain Morissette','+1 (908) 502-5128','2025-09-27 11:33:44','2025-09-27 11:33:44'),
	(292,30,2,'A-50','Alphonso Harris','+1-351-772-1326','2025-09-27 11:33:44','2025-09-27 11:33:44'),
	(293,30,6,'A-17','Emery O\'Connell','+1 (463) 353-2888','2025-09-27 11:33:44','2025-09-27 11:33:44'),
	(294,30,6,'A-22','Tristin Koepp','820-886-2058','2025-09-27 11:33:44','2025-09-27 11:33:44'),
	(295,30,6,'A-36','Kory Herzog','+1-539-608-8334','2025-09-27 11:33:44','2025-09-27 11:33:44'),
	(296,30,10,'A-93','Destinee Fahey','+13618910253','2025-09-27 11:33:44','2025-09-27 11:33:44'),
	(297,30,3,'A-86','Werner Miller','+1-386-420-9803','2025-09-27 11:33:44','2025-09-27 11:33:44'),
	(298,30,2,'A-63','Ms. Ines Dickens','+1.929.412.9198','2025-09-27 11:33:44','2025-09-27 11:33:44'),
	(299,30,3,'A-23','Bertram Smitham','+1 (828) 376-1830','2025-09-27 11:33:44','2025-09-27 11:33:44'),
	(300,30,8,'A-61','Rashawn Lockman','1-272-248-1918','2025-09-27 11:33:44','2025-09-27 11:33:44'),
	(301,31,4,'A-19','Miss Lindsay Ortiz','(530) 486-5200','2025-09-27 11:33:44','2025-09-27 11:33:44'),
	(302,31,2,'A-59','Glen Zemlak','364.254.2831','2025-09-27 11:33:44','2025-09-27 11:33:44'),
	(303,31,10,'A-89','Mrs. Vickie Miller III','(952) 391-1736','2025-09-27 11:33:44','2025-09-27 11:33:44'),
	(304,31,6,'A-31','Dr. Isaias Rowe','628.692.8690','2025-09-27 11:33:44','2025-09-27 11:33:44'),
	(305,31,8,'A-10','Laurel Turcotte','+14133994035','2025-09-27 11:33:44','2025-09-27 11:33:44'),
	(306,31,2,'A-21','Mr. Santos Weimann','(864) 904-2563','2025-09-27 11:33:44','2025-09-27 11:33:44'),
	(307,31,2,'A-54','Moses Runte','838-306-4764','2025-09-27 11:33:44','2025-09-27 11:33:44'),
	(308,31,6,'A-55','Gretchen Willms','1-985-496-2955','2025-09-27 11:33:44','2025-09-27 11:33:44'),
	(309,31,7,'A-34','Prof. Anika Moore III','512-622-7355','2025-09-27 11:33:44','2025-09-27 11:33:44'),
	(310,31,6,'A-92','Ashtyn Jacobs DVM','+1-305-731-3201','2025-09-27 11:33:44','2025-09-27 11:33:44'),
	(311,32,6,'A-26','Katelyn Predovic','+1-786-252-0720','2025-09-27 11:33:44','2025-09-27 11:33:44'),
	(312,32,2,'A-78','Prof. Rosario Gottlieb Sr.','1-830-273-8809','2025-09-27 11:33:44','2025-09-27 11:33:44'),
	(313,32,4,'A-77','Wayne Anderson','1-484-861-5611','2025-09-27 11:33:44','2025-09-27 11:33:44'),
	(314,32,8,'A-24','Prof. Lavada Ratke','727.686.5019','2025-09-27 11:33:44','2025-09-27 11:33:44'),
	(315,32,6,'A-62','Teagan Tremblay','(307) 355-0811','2025-09-27 11:33:44','2025-09-27 11:33:44'),
	(316,32,10,'A-72','Dr. Isobel Mueller','1-806-352-3683','2025-09-27 11:33:44','2025-09-27 11:33:44'),
	(317,32,2,'A-93','Kendrick Feeney','+1 (872) 993-4571','2025-09-27 11:33:44','2025-09-27 11:33:44'),
	(318,32,3,'A-57','Dakota Pacocha','1-402-664-7961','2025-09-27 11:33:44','2025-09-27 11:33:44'),
	(319,32,4,'A-34','Prof. Jeramy Welch DDS','+1-518-997-1492','2025-09-27 11:33:44','2025-09-27 11:33:44'),
	(320,32,7,'A-21','Rebekah Blick','484-629-6267','2025-09-27 11:33:44','2025-09-27 11:33:44'),
	(321,33,8,'A-82','Cordell Hermann','+1-445-377-2170','2025-09-27 11:33:44','2025-09-27 11:33:44'),
	(322,33,3,'A-77','Mrs. Claire Beer III','681.429.2373','2025-09-27 11:33:44','2025-09-27 11:33:44'),
	(323,33,3,'A-09','Prof. Archibald Conn MD','+15205577533','2025-09-27 11:33:44','2025-09-27 11:33:44'),
	(324,33,2,'A-02','Prof. Beaulah Koch Jr.','+1-313-335-4722','2025-09-27 11:33:44','2025-09-27 11:33:44'),
	(325,33,7,'A-68','Brennon Collier DVM','308.598.6679','2025-09-27 11:33:44','2025-09-27 11:33:44'),
	(326,33,3,'A-16','Rasheed Klein','1-862-717-6396','2025-09-27 11:33:44','2025-09-27 11:33:44'),
	(327,33,2,'A-83','Billy Ullrich','(862) 749-2924','2025-09-27 11:33:44','2025-09-27 11:33:44'),
	(328,33,6,'A-42','Juliet Wisoky','725-944-0464','2025-09-27 11:33:44','2025-09-27 11:33:44'),
	(329,33,8,'A-94','Jevon Schumm','575.965.2487','2025-09-27 11:33:44','2025-09-27 11:33:44'),
	(330,33,7,'A-81','Dr. Sister Nitzsche','+1 (283) 720-5775','2025-09-27 11:33:44','2025-09-27 11:33:44'),
	(331,34,7,'A-21','Alta Lowe','423-340-9297','2025-09-27 11:33:44','2025-09-27 11:33:44'),
	(332,34,3,'A-64','Mrs. Desiree Bartoletti I','+1-480-341-9312','2025-09-27 11:33:44','2025-09-27 11:33:44'),
	(333,34,3,'A-28','Marcella Blanda','+1-915-535-9152','2025-09-27 11:33:44','2025-09-27 11:33:44'),
	(334,34,3,'A-12','Justina Russel','1-229-730-1594','2025-09-27 11:33:44','2025-09-27 11:33:44'),
	(335,34,6,'A-13','Marjorie Smith','+1.309.264.4750','2025-09-27 11:33:44','2025-09-27 11:33:44'),
	(336,34,2,'A-01','Sarah Donnelly','+1-360-789-1432','2025-09-27 11:33:44','2025-09-27 11:33:44'),
	(337,34,6,'A-68','Mr. Issac Schuppe II','+1-984-570-6303','2025-09-27 11:33:44','2025-09-27 11:33:44'),
	(338,34,6,'A-56','Miss Lucienne Daugherty','+15403506754','2025-09-27 11:33:44','2025-09-27 11:33:44'),
	(339,34,2,'A-69','Myles Greenholt','+1 (828) 354-5631','2025-09-27 11:33:44','2025-09-27 11:33:44'),
	(340,34,7,'A-28','Catalina Satterfield','(978) 410-4312','2025-09-27 11:33:44','2025-09-27 11:33:44'),
	(341,35,8,'A-14','Connor Murazik Jr.','970.768.5446','2025-09-27 11:33:44','2025-09-27 11:33:44'),
	(342,35,8,'A-06','Dr. Ernestine Shanahan Jr.','1-253-646-1041','2025-09-27 11:33:44','2025-09-27 11:33:44'),
	(343,35,10,'A-83','Xander Stamm DDS','1-757-672-9805','2025-09-27 11:33:44','2025-09-27 11:33:44'),
	(344,35,7,'A-08','Mr. Craig Huels DDS','870.269.6025','2025-09-27 11:33:44','2025-09-27 11:33:44'),
	(345,35,7,'A-48','Ms. Georgiana Gibson','1-425-842-2628','2025-09-27 11:33:44','2025-09-27 11:33:44'),
	(346,35,6,'A-69','Prof. Jeanne Boyer PhD','+1-609-568-6751','2025-09-27 11:33:44','2025-09-27 11:33:44'),
	(347,35,3,'A-52','Prof. Julian Mitchell','+1 (651) 703-9003','2025-09-27 11:33:44','2025-09-27 11:33:44'),
	(348,35,3,'A-04','Max Walsh','+1-661-599-7235','2025-09-27 11:33:44','2025-09-27 11:33:44'),
	(349,35,4,'A-94','Josephine Powlowski','(530) 490-7488','2025-09-27 11:33:44','2025-09-27 11:33:44'),
	(350,35,2,'A-25','Dr. Santino Price','865-878-5518','2025-09-27 11:33:44','2025-09-27 11:33:44'),
	(351,36,10,'A-96','Scot Kunde','1-443-536-2686','2025-09-27 11:33:44','2025-09-27 11:33:44'),
	(352,36,8,'A-70','Prof. Sydnie Hermann DDS','254-564-2366','2025-09-27 11:33:44','2025-09-27 11:33:44'),
	(353,36,2,'A-69','Mr. Jarrod Kling MD','1-605-317-7731','2025-09-27 11:33:44','2025-09-27 11:33:44'),
	(354,36,7,'A-30','Prof. Jalen Gaylord','314-799-5151','2025-09-27 11:33:44','2025-09-27 11:33:44'),
	(355,36,2,'A-79','Conor Sawayn','732-603-7030','2025-09-27 11:33:44','2025-09-27 11:33:44'),
	(356,36,4,'A-43','Brown Goldner','(469) 204-0266','2025-09-27 11:33:44','2025-09-27 11:33:44'),
	(357,36,3,'A-85','Sandrine Johnston','615-261-3826','2025-09-27 11:33:44','2025-09-27 11:33:44'),
	(358,36,6,'A-58','Earline Block','1-269-692-5885','2025-09-27 11:33:44','2025-09-27 11:33:44'),
	(359,36,4,'A-40','Miss Daniela Wilderman Sr.','+16517069268','2025-09-27 11:33:44','2025-09-27 11:33:44'),
	(360,36,4,'A-47','Aric Dietrich','+1-937-888-8365','2025-09-27 11:33:44','2025-09-27 11:33:44'),
	(361,37,7,'A-03','Gino Reynolds DVM','1-570-795-0489','2025-09-27 11:33:44','2025-09-27 11:33:44'),
	(362,37,2,'A-22','Vicenta Runolfsdottir','586-629-7851','2025-09-27 11:33:44','2025-09-27 11:33:44'),
	(363,37,3,'A-92','Ms. Stephania Monahan I','+1 (510) 897-5137','2025-09-27 11:33:44','2025-09-27 11:33:44'),
	(364,37,3,'A-83','Miss Vivian Leffler DDS','878-880-4981','2025-09-27 11:33:44','2025-09-27 11:33:44'),
	(365,37,7,'A-51','Mrs. Ophelia Steuber I','+16079998162','2025-09-27 11:33:44','2025-09-27 11:33:44'),
	(366,37,4,'A-03','Ima Dooley','980-849-6276','2025-09-27 11:33:44','2025-09-27 11:33:44'),
	(367,37,4,'A-66','Blanca Witting','984-973-4890','2025-09-27 11:33:44','2025-09-27 11:33:44'),
	(368,37,4,'A-19','Mireille Sporer','+1-737-816-5878','2025-09-27 11:33:44','2025-09-27 11:33:44'),
	(369,37,2,'A-04','Ms. Teresa Pfannerstill','520-822-1054','2025-09-27 11:33:44','2025-09-27 11:33:44'),
	(370,37,5,'A-80','Mr. Rocky Hodkiewicz PhD','(775) 849-7829','2025-09-27 11:33:44','2025-09-27 11:33:44'),
	(371,38,2,'A-74','Zechariah Hodkiewicz','854.777.6371','2025-09-27 11:33:44','2025-09-27 11:33:44'),
	(372,38,7,'A-04','Faye Hegmann','+1.279.225.2440','2025-09-27 11:33:44','2025-09-27 11:33:44'),
	(373,38,4,'A-66','Dominic Bartoletti','+1-859-551-4681','2025-09-27 11:33:44','2025-09-27 11:33:44'),
	(374,38,7,'A-74','Audrey Williamson','1-682-512-3947','2025-09-27 11:33:44','2025-09-27 11:33:44'),
	(375,38,9,'A-95','Roselyn Kilback','(612) 258-1206','2025-09-27 11:33:44','2025-09-27 11:33:44'),
	(376,38,7,'A-35','Mr. Raul Swift','+1.605.518.8387','2025-09-27 11:33:44','2025-09-27 11:33:44'),
	(377,38,8,'A-57','Lawrence Schinner','(364) 945-6582','2025-09-27 11:33:44','2025-09-27 11:33:44'),
	(378,38,3,'A-80','Brittany Hettinger','574.547.4467','2025-09-27 11:33:44','2025-09-27 11:33:44'),
	(379,38,7,'A-49','Luisa Maggio','+1-952-653-8664','2025-09-27 11:33:44','2025-09-27 11:33:44'),
	(380,38,6,'A-50','Merritt Dibbert','(404) 918-2139','2025-09-27 11:33:44','2025-09-27 11:33:44'),
	(381,39,3,'A-52','Miss Barbara Kuhn MD','540.238.5536','2025-09-27 11:33:44','2025-09-27 11:33:44'),
	(382,39,7,'A-84','Cody Gleason','762.265.3317','2025-09-27 11:33:44','2025-09-27 11:33:44'),
	(383,39,4,'A-67','Lulu Koch','518.854.8853','2025-09-27 11:33:44','2025-09-27 11:33:44'),
	(384,39,10,'A-26','Yolanda Cole','1-559-367-9743','2025-09-27 11:33:44','2025-09-27 11:33:44'),
	(385,39,9,'A-52','Miss Rhea Pfeffer','+1.434.990.8244','2025-09-27 11:33:44','2025-09-27 11:33:44'),
	(386,39,9,'A-79','Mohammed Leuschke','443.599.7691','2025-09-27 11:33:44','2025-09-27 11:33:44'),
	(387,39,7,'A-49','Dr. Bernhard McDermott IV','843.326.5105','2025-09-27 11:33:44','2025-09-27 11:33:44'),
	(388,39,4,'A-34','Nora Kiehn','(352) 263-8229','2025-09-27 11:33:44','2025-09-27 11:33:44'),
	(389,39,4,'A-32','Harmon Price I','650-633-9539','2025-09-27 11:33:44','2025-09-27 11:33:44'),
	(390,39,8,'A-83','Sasha Wiegand','+1 (385) 266-5020','2025-09-27 11:33:44','2025-09-27 11:33:44'),
	(391,40,8,'A-89','Audrey Willms','+1 (971) 913-1836','2025-09-27 11:33:44','2025-09-27 11:33:44'),
	(392,40,3,'A-52','Dr. Marlin Gusikowski II','223.721.5453','2025-09-27 11:33:44','2025-09-27 11:33:44'),
	(393,40,7,'A-60','Anabel King','(626) 907-9495','2025-09-27 11:33:44','2025-09-27 11:33:44'),
	(394,40,4,'A-14','Ms. Gertrude Cormier I','1-361-953-0193','2025-09-27 11:33:44','2025-09-27 11:33:44'),
	(395,40,6,'A-42','Mia Corkery','773.453.3870','2025-09-27 11:33:44','2025-09-27 11:33:44'),
	(396,40,3,'A-73','Lurline Moore','1-972-898-2570','2025-09-27 11:33:44','2025-09-27 11:33:44'),
	(397,40,8,'A-11','Prof. Herman Fahey','+1-561-242-8065','2025-09-27 11:33:44','2025-09-27 11:33:44'),
	(398,40,7,'A-36','Reece Purdy','(305) 304-5344','2025-09-27 11:33:44','2025-09-27 11:33:44'),
	(399,40,6,'A-64','Miss Gail Lakin','1-731-929-9952','2025-09-27 11:33:44','2025-09-27 11:33:44'),
	(400,40,8,'A-06','Rhea Schulist','+1 (646) 834-5248','2025-09-27 11:33:44','2025-09-27 11:33:44'),
	(401,41,4,'A-90','Geovanny Langosh','440.823.3629','2025-09-27 11:33:44','2025-09-27 11:33:44'),
	(402,41,6,'A-36','Rey D\'Amore','+15516048661','2025-09-27 11:33:44','2025-09-27 11:33:44'),
	(403,41,8,'A-80','Vincenza Carroll','1-760-639-1957','2025-09-27 11:33:44','2025-09-27 11:33:44'),
	(404,41,3,'A-30','Mr. Dallin Bode Jr.','+1.973.956.1474','2025-09-27 11:33:44','2025-09-27 11:33:44'),
	(405,41,2,'A-62','Miss Ophelia Altenwerth','408.765.1459','2025-09-27 11:33:44','2025-09-27 11:33:44'),
	(406,41,10,'A-77','Ms. Camilla Champlin','220-952-3132','2025-09-27 11:33:44','2025-09-27 11:33:44'),
	(407,41,3,'A-23','Devin Streich','608.682.6247','2025-09-27 11:33:44','2025-09-27 11:33:44'),
	(408,41,9,'A-88','Sigmund Heidenreich','+12189801106','2025-09-27 11:33:44','2025-09-27 11:33:44'),
	(409,41,2,'A-03','Dr. Cletus Bergnaum','859.225.6821','2025-09-27 11:33:44','2025-09-27 11:33:44'),
	(410,41,5,'A-87','Jerrold Reichel','602-273-4116','2025-09-27 11:33:44','2025-09-27 11:33:44'),
	(411,42,9,'A-91','Imelda Torphy','+1 (253) 891-5851','2025-09-27 11:33:44','2025-09-27 11:33:44'),
	(412,42,2,'A-45','Skylar Langworth','1-470-807-2220','2025-09-27 11:33:44','2025-09-27 11:33:44'),
	(413,42,8,'A-33','Janae Stroman','731-846-4225','2025-09-27 11:33:44','2025-09-27 11:33:44'),
	(414,42,3,'A-11','Mackenzie Haley','1-732-655-3968','2025-09-27 11:33:44','2025-09-27 11:33:44'),
	(415,42,10,'A-96','Dr. Blake Roberts III','1-337-968-1184','2025-09-27 11:33:44','2025-09-27 11:33:44'),
	(416,42,7,'A-37','Antoinette Dickens','1-564-630-1442','2025-09-27 11:33:44','2025-09-27 11:33:44'),
	(417,42,7,'A-80','Royce Sporer','934.278.1142','2025-09-27 11:33:44','2025-09-27 11:33:44'),
	(418,42,3,'A-26','Josefa DuBuque','+1-732-775-9712','2025-09-27 11:33:44','2025-09-27 11:33:44'),
	(419,42,2,'A-38','Miles Prohaska','986.526.1038','2025-09-27 11:33:44','2025-09-27 11:33:44'),
	(420,42,8,'A-73','Prof. Mason Quigley','1-559-570-6496','2025-09-27 11:33:44','2025-09-27 11:33:44'),
	(421,43,8,'A-38','Prof. Modesto Goldner III','1-689-359-9292','2025-09-27 11:33:44','2025-09-27 11:33:44'),
	(422,43,8,'A-97','Dr. Sabrina Von III','814.598.8359','2025-09-27 11:33:44','2025-09-27 11:33:44'),
	(423,43,8,'A-76','Anabel Huels','772.416.6871','2025-09-27 11:33:44','2025-09-27 11:33:44'),
	(424,43,6,'A-27','Richmond Hyatt','458-545-2870','2025-09-27 11:33:44','2025-09-27 11:33:44'),
	(425,43,8,'A-83','Dr. Isac Ernser','252.303.7648','2025-09-27 11:33:44','2025-09-27 11:33:44'),
	(426,43,2,'A-46','Otto Krajcik V','+1.539.551.0642','2025-09-27 11:33:44','2025-09-27 11:33:44'),
	(427,43,4,'A-00','Megane Price','+1-947-768-8482','2025-09-27 11:33:44','2025-09-27 11:33:44'),
	(428,43,10,'A-01','Dr. Imelda Miller Sr.','+16825741167','2025-09-27 11:33:44','2025-09-27 11:33:44'),
	(429,43,7,'A-46','Jean Raynor','+1 (913) 663-6794','2025-09-27 11:33:44','2025-09-27 11:33:44'),
	(430,43,10,'A-51','Kevin Harber','606-457-7342','2025-09-27 11:33:44','2025-09-27 11:33:44'),
	(431,44,6,'A-86','Eula Ziemann III','(401) 862-9340','2025-09-27 11:33:44','2025-09-27 11:33:44'),
	(432,44,6,'A-07','Ernie Botsford','234.583.8084','2025-09-27 11:33:44','2025-09-27 11:33:44'),
	(433,44,3,'A-57','Garfield Monahan','(925) 247-6094','2025-09-27 11:33:44','2025-09-27 11:33:44'),
	(434,44,4,'A-31','Blanche Greenholt','661.336.8997','2025-09-27 11:33:44','2025-09-27 11:33:44'),
	(435,44,6,'A-58','Anthony Lind DVM','669-201-0347','2025-09-27 11:33:44','2025-09-27 11:33:44'),
	(436,44,8,'A-07','Randall O\'Reilly V','(352) 900-4349','2025-09-27 11:33:44','2025-09-27 11:33:44'),
	(437,44,2,'A-38','Rosina Braun II','1-434-764-5978','2025-09-27 11:33:44','2025-09-27 11:33:44'),
	(438,44,4,'A-85','Dr. Sylvia Nitzsche IV','+12057148146','2025-09-27 11:33:44','2025-09-27 11:33:44'),
	(439,44,4,'A-07','Rosalee Rowe','1-351-760-1450','2025-09-27 11:33:44','2025-09-27 11:33:44'),
	(440,44,6,'A-89','Miss Mariane Bartoletti PhD','615-692-9114','2025-09-27 11:33:44','2025-09-27 11:33:44'),
	(441,45,4,'A-30','Shayne Pfannerstill PhD','+1-936-395-0725','2025-09-27 11:33:44','2025-09-27 11:33:44'),
	(442,45,7,'A-93','Orlo Ferry','+1.781.661.1947','2025-09-27 11:33:44','2025-09-27 11:33:44'),
	(443,45,3,'A-08','Mr. Pablo Lang','+1.283.243.6864','2025-09-27 11:33:44','2025-09-27 11:33:44'),
	(444,45,7,'A-71','Esta Dickens','+1 (805) 247-0531','2025-09-27 11:33:44','2025-09-27 11:33:44'),
	(445,45,6,'A-87','Annie Emmerich','+1-215-814-6319','2025-09-27 11:33:44','2025-09-27 11:33:44'),
	(446,45,3,'A-12','Mr. Alfonzo Ryan','+1-417-836-1527','2025-09-27 11:33:44','2025-09-27 11:33:44'),
	(447,45,8,'A-16','Billie Fay Sr.','+1.615.840.6593','2025-09-27 11:33:44','2025-09-27 11:33:44'),
	(448,45,6,'A-25','Dr. Greg Williamson II','+1-484-204-9711','2025-09-27 11:33:44','2025-09-27 11:33:44'),
	(449,45,3,'A-39','Leilani Rath','1-872-853-9691','2025-09-27 11:33:44','2025-09-27 11:33:44'),
	(450,45,3,'A-92','Everardo Berge II','669.304.6482','2025-09-27 11:33:44','2025-09-27 11:33:44'),
	(451,46,3,'A-90','Dr. Amani Ferry Sr.','+1-865-500-9499','2025-09-27 11:33:44','2025-09-27 11:33:44'),
	(452,46,4,'A-16','Dr. Jevon Mitchell','+18583069879','2025-09-27 11:33:44','2025-09-27 11:33:44'),
	(453,46,6,'A-43','Jesus Flatley III','985.683.0737','2025-09-27 11:33:44','2025-09-27 11:33:44'),
	(454,46,8,'A-78','Enrique Orn','(856) 882-1945','2025-09-27 11:33:44','2025-09-27 11:33:44'),
	(455,46,8,'A-77','Jude Haley','1-626-720-3524','2025-09-27 11:33:44','2025-09-27 11:33:44'),
	(456,46,6,'A-70','Florine Tremblay','540.539.6596','2025-09-27 11:33:44','2025-09-27 11:33:44'),
	(457,46,6,'A-90','Eva Kunze','+1.862.281.8842','2025-09-27 11:33:44','2025-09-27 11:33:44'),
	(458,46,3,'A-48','Josiane Halvorson','1-763-231-5069','2025-09-27 11:33:44','2025-09-27 11:33:44'),
	(459,46,6,'A-56','Leda Kuphal DVM','559-471-6210','2025-09-27 11:33:44','2025-09-27 11:33:44'),
	(460,46,7,'A-01','Prof. Kareem Morar','+1-432-302-5330','2025-09-27 11:33:44','2025-09-27 11:33:44'),
	(461,47,7,'A-08','Marc Hoppe','214.388.0743','2025-09-27 11:33:44','2025-09-27 11:33:44'),
	(462,47,8,'A-65','Dr. Rick Block V','364.684.8405','2025-09-27 11:33:44','2025-09-27 11:33:44'),
	(463,47,8,'A-44','Mr. Jordyn Schaden I','+1-706-909-7776','2025-09-27 11:33:44','2025-09-27 11:33:44'),
	(464,47,4,'A-97','Loyce Mohr','+1-657-969-0048','2025-09-27 11:33:44','2025-09-27 11:33:44'),
	(465,47,2,'A-98','Dr. Caleigh Feeney II','820.349.4065','2025-09-27 11:33:44','2025-09-27 11:33:44'),
	(466,47,4,'A-23','Prof. Gregg Heathcote','+1-325-709-0431','2025-09-27 11:33:44','2025-09-27 11:33:44'),
	(467,47,9,'A-13','Glenna Klein','+16893039648','2025-09-27 11:33:44','2025-09-27 11:33:44'),
	(468,47,7,'A-76','Mrs. Bridget Dooley DVM','+1-512-272-1518','2025-09-27 11:33:44','2025-09-27 11:33:44'),
	(469,47,6,'A-59','Miss Myrtis Gottlieb DVM','313.729.4420','2025-09-27 11:33:44','2025-09-27 11:33:44'),
	(470,47,4,'A-65','Prof. Rocio Mayert II','520-610-4103','2025-09-27 11:33:44','2025-09-27 11:33:44'),
	(471,48,10,'A-87','Emmanuelle Strosin I','+1-334-395-5193','2025-09-27 11:33:44','2025-09-27 11:33:44'),
	(472,48,4,'A-44','Muhammad Lebsack','(623) 762-6746','2025-09-27 11:33:44','2025-09-27 11:33:44'),
	(473,48,4,'A-57','Iliana Roberts','854-850-9691','2025-09-27 11:33:44','2025-09-27 11:33:44'),
	(474,48,4,'A-48','Ethel Yundt','(434) 585-5782','2025-09-27 11:33:44','2025-09-27 11:33:44'),
	(475,48,6,'A-79','Bessie Hessel','757.306.3471','2025-09-27 11:33:44','2025-09-27 11:33:44'),
	(476,48,9,'A-59','Dr. Maybell Waelchi V','+14323615145','2025-09-27 11:33:44','2025-09-27 11:33:44'),
	(477,48,8,'A-85','Daron Nader','+1.202.969.6114','2025-09-27 11:33:44','2025-09-27 11:33:44'),
	(478,48,2,'A-88','Luella Lakin','346.804.9093','2025-09-27 11:33:44','2025-09-27 11:33:44'),
	(479,48,6,'A-62','Liam Carroll','1-979-507-2637','2025-09-27 11:33:44','2025-09-27 11:33:44'),
	(480,48,8,'A-74','Prof. Milan Hessel III','+1-607-570-5267','2025-09-27 11:33:44','2025-09-27 11:33:44'),
	(481,49,3,'A-68','Dr. Stephan Bechtelar MD','+1.828.519.4383','2025-09-27 11:33:44','2025-09-27 11:33:44'),
	(482,49,2,'A-50','Gabriel Goldner I','321.651.6248','2025-09-27 11:33:44','2025-09-27 11:33:44'),
	(483,49,3,'A-00','Gwendolyn Lind','1-941-456-2459','2025-09-27 11:33:44','2025-09-27 11:33:44'),
	(484,49,10,'A-83','Bernie Keeling','1-435-322-3745','2025-09-27 11:33:44','2025-09-27 11:33:44'),
	(485,49,3,'A-22','Jessyca Bogan','404-235-8694','2025-09-27 11:33:44','2025-09-27 11:33:44'),
	(486,49,10,'A-32','Chloe Lindgren','609-649-5467','2025-09-27 11:33:44','2025-09-27 11:33:44'),
	(487,49,4,'A-95','Alexandro Fritsch','+1 (601) 565-1522','2025-09-27 11:33:44','2025-09-27 11:33:44'),
	(488,49,9,'A-62','Ms. Ilene Bahringer','276.519.4259','2025-09-27 11:33:44','2025-09-27 11:33:44'),
	(489,49,10,'A-80','Mr. London Maggio','+1.424.746.4833','2025-09-27 11:33:44','2025-09-27 11:33:44'),
	(490,49,3,'A-17','Dr. Fern Schaden','+1 (628) 780-9151','2025-09-27 11:33:44','2025-09-27 11:33:44'),
	(491,50,9,'A-06','Mina Halvorson','+1-419-432-9188','2025-09-27 11:33:44','2025-09-27 11:33:44'),
	(492,50,3,'A-99','Garfield Hintz','+1.818.594.3010','2025-09-27 11:33:44','2025-09-27 11:33:44'),
	(493,50,9,'A-31','Willie Stracke V','+1.469.326.2083','2025-09-27 11:33:44','2025-09-27 11:33:44'),
	(494,50,6,'A-10','Ramiro Koelpin','+1-445-861-8707','2025-09-27 11:33:44','2025-09-27 11:33:44'),
	(495,50,8,'A-74','Meta Rau','+1-276-758-4654','2025-09-27 11:33:44','2025-09-27 11:33:44'),
	(496,50,2,'A-39','Helen Nitzsche','1-520-759-3397','2025-09-27 11:33:44','2025-09-27 11:33:44'),
	(497,50,3,'A-05','Jan Braun','1-479-886-2901','2025-09-27 11:33:44','2025-09-27 11:33:44'),
	(498,50,7,'A-14','Mr. Cortez Price DVM','608-292-6449','2025-09-27 11:33:44','2025-09-27 11:33:44'),
	(499,50,4,'A-60','Laney Jones','517.495.4989','2025-09-27 11:33:44','2025-09-27 11:33:44'),
	(500,50,7,'A-15','Emanuel Rutherford MD','+1-541-309-4582','2025-09-27 11:33:44','2025-09-27 11:33:44');

/*!40000 ALTER TABLE `flats` ENABLE KEYS */;
UNLOCK TABLES;


# Dump of table job_batches
# ------------------------------------------------------------

DROP TABLE IF EXISTS `job_batches`;

CREATE TABLE `job_batches` (
  `id` varchar(255) COLLATE utf8mb4_unicode_ci NOT NULL,
  `name` varchar(255) COLLATE utf8mb4_unicode_ci NOT NULL,
  `total_jobs` int NOT NULL,
  `pending_jobs` int NOT NULL,
  `failed_jobs` int NOT NULL,
  `failed_job_ids` longtext COLLATE utf8mb4_unicode_ci NOT NULL,
  `options` mediumtext COLLATE utf8mb4_unicode_ci,
  `cancelled_at` int DEFAULT NULL,
  `created_at` int NOT NULL,
  `finished_at` int DEFAULT NULL,
  PRIMARY KEY (`id`)
) ENGINE=InnoDB DEFAULT CHARSET=utf8mb4 COLLATE=utf8mb4_unicode_ci;



# Dump of table jobs
# ------------------------------------------------------------

DROP TABLE IF EXISTS `jobs`;

CREATE TABLE `jobs` (
  `id` bigint unsigned NOT NULL AUTO_INCREMENT,
  `queue` varchar(255) COLLATE utf8mb4_unicode_ci NOT NULL,
  `payload` longtext COLLATE utf8mb4_unicode_ci NOT NULL,
  `attempts` tinyint unsigned NOT NULL,
  `reserved_at` int unsigned DEFAULT NULL,
  `available_at` int unsigned NOT NULL,
  `created_at` int unsigned NOT NULL,
  PRIMARY KEY (`id`),
  KEY `jobs_queue_index` (`queue`)
) ENGINE=InnoDB DEFAULT CHARSET=utf8mb4 COLLATE=utf8mb4_unicode_ci;



# Dump of table migrations
# ------------------------------------------------------------

DROP TABLE IF EXISTS `migrations`;

CREATE TABLE `migrations` (
  `id` int unsigned NOT NULL AUTO_INCREMENT,
  `migration` varchar(255) COLLATE utf8mb4_unicode_ci NOT NULL,
  `batch` int NOT NULL,
  PRIMARY KEY (`id`)
) ENGINE=InnoDB DEFAULT CHARSET=utf8mb4 COLLATE=utf8mb4_unicode_ci;

LOCK TABLES `migrations` WRITE;
/*!40000 ALTER TABLE `migrations` DISABLE KEYS */;

INSERT INTO `migrations` (`id`, `migration`, `batch`)
VALUES
	(1,'0001_01_01_000000_create_users_table',1),
	(2,'0001_01_01_000001_create_cache_table',1),
	(3,'0001_01_01_000002_create_jobs_table',1),
	(4,'2025_09_24_182625_create_buildings_table',1),
	(5,'2025_09_24_183043_create_flats_table',1),
	(6,'2025_09_24_183054_create_tenants_table',1),
	(7,'2025_09_24_183055_create_flat_tenant_table',1),
	(8,'2025_09_24_183103_create_bill_categories_table',1),
	(9,'2025_09_24_183111_create_bills_table',1),
	(10,'2025_09_24_183121_create_payments_table',1);

/*!40000 ALTER TABLE `migrations` ENABLE KEYS */;
UNLOCK TABLES;


# Dump of table password_reset_tokens
# ------------------------------------------------------------

DROP TABLE IF EXISTS `password_reset_tokens`;

CREATE TABLE `password_reset_tokens` (
  `email` varchar(255) COLLATE utf8mb4_unicode_ci NOT NULL,
  `token` varchar(255) COLLATE utf8mb4_unicode_ci NOT NULL,
  `created_at` timestamp NULL DEFAULT NULL,
  PRIMARY KEY (`email`)
) ENGINE=InnoDB DEFAULT CHARSET=utf8mb4 COLLATE=utf8mb4_unicode_ci;



# Dump of table payments
# ------------------------------------------------------------

DROP TABLE IF EXISTS `payments`;

CREATE TABLE `payments` (
  `id` bigint unsigned NOT NULL AUTO_INCREMENT,
  `bill_id` bigint unsigned NOT NULL,
  `amount` decimal(10,2) NOT NULL,
  `paid_at` timestamp NOT NULL DEFAULT CURRENT_TIMESTAMP,
  `reference` varchar(255) COLLATE utf8mb4_unicode_ci DEFAULT NULL,
  `created_at` timestamp NULL DEFAULT NULL,
  `updated_at` timestamp NULL DEFAULT NULL,
  PRIMARY KEY (`id`),
  KEY `payments_bill_id_foreign` (`bill_id`),
  CONSTRAINT `payments_bill_id_foreign` FOREIGN KEY (`bill_id`) REFERENCES `bills` (`id`) ON DELETE CASCADE
) ENGINE=InnoDB DEFAULT CHARSET=utf8mb4 COLLATE=utf8mb4_unicode_ci;

LOCK TABLES `payments` WRITE;
/*!40000 ALTER TABLE `payments` DISABLE KEYS */;

INSERT INTO `payments` (`id`, `bill_id`, `amount`, `paid_at`, `reference`, `created_at`, `updated_at`)
VALUES
	(1,356,4710.00,'2025-07-27 20:20:36','cash','2025-09-27 11:33:45','2025-09-27 11:33:45'),
	(2,465,4019.00,'2025-09-11 14:48:49','bank','2025-09-27 11:33:45','2025-09-27 11:33:45'),
	(3,134,3884.00,'2025-09-22 13:55:06','card','2025-09-27 11:33:45','2025-09-27 11:33:45'),
	(4,353,693.00,'2025-09-13 21:15:47','bank','2025-09-27 11:33:45','2025-09-27 11:33:45'),
	(5,427,4022.00,'2025-08-08 01:48:59','nagad','2025-09-27 11:33:45','2025-09-27 11:33:45'),
	(6,162,2378.00,'2025-08-21 01:42:00','cash','2025-09-27 11:33:45','2025-09-27 11:33:45'),
	(7,251,3072.00,'2025-08-10 06:17:00','nagad','2025-09-27 11:33:45','2025-09-27 11:33:45'),
	(8,436,3680.00,'2025-08-28 02:15:21','nagad','2025-09-27 11:33:45','2025-09-27 11:33:45'),
	(9,387,1527.00,'2025-07-29 04:54:09','bank','2025-09-27 11:33:45','2025-09-27 11:33:45'),
	(10,334,2117.00,'2025-09-03 19:01:17','bkash','2025-09-27 11:33:45','2025-09-27 11:33:45'),
	(11,307,3513.00,'2025-09-10 22:51:38','cash','2025-09-27 11:33:45','2025-09-27 11:33:45'),
	(12,310,4432.00,'2025-08-15 21:11:11','cash','2025-09-27 11:33:45','2025-09-27 11:33:45'),
	(13,341,3512.00,'2025-08-25 23:03:15','bkash','2025-09-27 11:33:45','2025-09-27 11:33:45'),
	(14,261,1780.00,'2025-09-02 08:14:30','cash','2025-09-27 11:33:45','2025-09-27 11:33:45'),
	(15,323,3852.00,'2025-08-27 01:53:09','cash','2025-09-27 11:33:45','2025-09-27 11:33:45'),
	(16,449,4458.00,'2025-09-04 11:39:56','bank','2025-09-27 11:33:45','2025-09-27 11:33:45'),
	(17,46,2738.00,'2025-09-21 10:28:49','bkash','2025-09-27 11:33:45','2025-09-27 11:33:45'),
	(18,185,1696.00,'2025-07-31 11:18:38','card','2025-09-27 11:33:45','2025-09-27 11:33:45'),
	(19,93,1063.00,'2025-09-26 19:49:14','bkash','2025-09-27 11:33:45','2025-09-27 11:33:45'),
	(20,304,2440.00,'2025-08-07 05:00:53','bank','2025-09-27 11:33:45','2025-09-27 11:33:45'),
	(21,36,2461.00,'2025-08-27 03:03:24','cash','2025-09-27 11:33:45','2025-09-27 11:33:45'),
	(22,249,3314.00,'2025-09-21 21:34:58','card','2025-09-27 11:33:45','2025-09-27 11:33:45'),
	(23,118,2722.00,'2025-09-13 11:03:23','bkash','2025-09-27 11:33:45','2025-09-27 11:33:45'),
	(24,60,3015.00,'2025-09-26 02:00:40','card','2025-09-27 11:33:45','2025-09-27 11:33:45'),
	(25,241,2420.00,'2025-08-07 20:24:01','bkash','2025-09-27 11:33:45','2025-09-27 11:33:45'),
	(26,329,4713.00,'2025-08-17 20:12:09','card','2025-09-27 11:33:45','2025-09-27 11:33:45'),
	(27,394,3410.00,'2025-08-29 02:20:56','bank','2025-09-27 11:33:45','2025-09-27 11:33:45'),
	(28,62,817.00,'2025-08-28 22:59:23','bank','2025-09-27 11:33:45','2025-09-27 11:33:45'),
	(29,267,2029.00,'2025-08-07 01:01:14','nagad','2025-09-27 11:33:45','2025-09-27 11:33:45'),
	(30,313,1908.00,'2025-08-30 00:19:42','cash','2025-09-27 11:33:45','2025-09-27 11:33:45'),
	(31,357,3429.00,'2025-09-14 16:22:00','bkash','2025-09-27 11:33:45','2025-09-27 11:33:45'),
	(32,390,4507.00,'2025-08-22 01:59:05','bank','2025-09-27 11:33:45','2025-09-27 11:33:45'),
	(33,132,1291.00,'2025-09-06 06:08:45','nagad','2025-09-27 11:33:45','2025-09-27 11:33:45'),
	(34,278,4491.00,'2025-08-26 11:45:40','cash','2025-09-27 11:33:45','2025-09-27 11:33:45'),
	(35,101,4131.00,'2025-08-17 14:04:40','bkash','2025-09-27 11:33:45','2025-09-27 11:33:45'),
	(36,430,1030.00,'2025-08-27 10:58:41','bank','2025-09-27 11:33:45','2025-09-27 11:33:45'),
	(37,426,2816.00,'2025-08-18 08:16:31','bkash','2025-09-27 11:33:45','2025-09-27 11:33:45'),
	(38,54,4483.00,'2025-08-27 10:26:34','cash','2025-09-27 11:33:45','2025-09-27 11:33:45'),
	(39,157,3621.00,'2025-09-24 02:42:14','nagad','2025-09-27 11:33:45','2025-09-27 11:33:45'),
	(40,407,571.00,'2025-08-26 16:12:16','bkash','2025-09-27 11:33:45','2025-09-27 11:33:45'),
	(41,475,2762.00,'2025-08-27 11:39:43','cash','2025-09-27 11:33:45','2025-09-27 11:33:45'),
	(42,282,1218.00,'2025-08-31 23:33:32','cash','2025-09-27 11:33:45','2025-09-27 11:33:45'),
	(43,331,907.00,'2025-09-22 19:13:38','bkash','2025-09-27 11:33:45','2025-09-27 11:33:45'),
	(44,125,792.00,'2025-08-21 02:08:23','bank','2025-09-27 11:33:45','2025-09-27 11:33:45'),
	(45,459,2976.00,'2025-09-02 13:15:27','cash','2025-09-27 11:33:45','2025-09-27 11:33:45'),
	(46,432,2579.00,'2025-08-12 14:41:06','bkash','2025-09-27 11:33:45','2025-09-27 11:33:45'),
	(47,288,1403.00,'2025-08-12 08:19:45','bank','2025-09-27 11:33:45','2025-09-27 11:33:45'),
	(48,116,2912.00,'2025-09-22 07:15:27','card','2025-09-27 11:33:45','2025-09-27 11:33:45'),
	(49,243,1518.00,'2025-07-31 08:00:04','card','2025-09-27 11:33:45','2025-09-27 11:33:45'),
	(50,144,2936.00,'2025-09-19 10:58:47','card','2025-09-27 11:33:45','2025-09-27 11:33:45'),
	(51,362,3445.00,'2025-09-27 08:39:53','bkash','2025-09-27 11:33:45','2025-09-27 11:33:45'),
	(52,467,2523.00,'2025-08-05 03:38:04','card','2025-09-27 11:33:45','2025-09-27 11:33:45'),
	(53,96,4605.00,'2025-08-15 17:52:54','bank','2025-09-27 11:33:45','2025-09-27 11:33:45'),
	(54,427,4362.00,'2025-07-28 11:53:47','card','2025-09-27 11:33:45','2025-09-27 11:33:45'),
	(55,351,1970.00,'2025-08-01 15:37:47','bkash','2025-09-27 11:33:45','2025-09-27 11:33:45'),
	(56,190,2269.00,'2025-07-31 02:01:58','bank','2025-09-27 11:33:45','2025-09-27 11:33:45'),
	(57,335,3313.00,'2025-08-31 12:44:13','nagad','2025-09-27 11:33:45','2025-09-27 11:33:45'),
	(58,482,2945.00,'2025-09-09 20:20:27','bank','2025-09-27 11:33:45','2025-09-27 11:33:45'),
	(59,490,2054.00,'2025-09-09 13:27:25','nagad','2025-09-27 11:33:45','2025-09-27 11:33:45'),
	(60,350,2208.00,'2025-08-24 00:35:31','cash','2025-09-27 11:33:45','2025-09-27 11:33:45'),
	(61,462,2179.00,'2025-07-30 08:37:37','bank','2025-09-27 11:33:45','2025-09-27 11:33:45'),
	(62,493,4267.00,'2025-07-29 14:02:59','nagad','2025-09-27 11:33:45','2025-09-27 11:33:45'),
	(63,346,1497.00,'2025-08-06 21:29:47','bank','2025-09-27 11:33:45','2025-09-27 11:33:45'),
	(64,110,1875.00,'2025-08-11 18:09:27','bkash','2025-09-27 11:33:45','2025-09-27 11:33:45'),
	(65,10,622.00,'2025-09-15 07:03:09','nagad','2025-09-27 11:33:45','2025-09-27 11:33:45'),
	(66,70,4671.00,'2025-09-25 21:49:28','bkash','2025-09-27 11:33:45','2025-09-27 11:33:45'),
	(67,91,4370.00,'2025-09-01 01:21:58','nagad','2025-09-27 11:33:45','2025-09-27 11:33:45'),
	(68,67,2314.00,'2025-08-01 10:47:50','card','2025-09-27 11:33:45','2025-09-27 11:33:45'),
	(69,238,4793.00,'2025-08-20 04:29:36','bank','2025-09-27 11:33:45','2025-09-27 11:33:45'),
	(70,393,1377.00,'2025-08-14 12:29:10','nagad','2025-09-27 11:33:45','2025-09-27 11:33:45'),
	(71,359,1530.00,'2025-09-26 05:17:34','cash','2025-09-27 11:33:45','2025-09-27 11:33:45'),
	(72,36,4642.00,'2025-09-12 04:02:50','cash','2025-09-27 11:33:45','2025-09-27 11:33:45'),
	(73,238,4477.00,'2025-07-28 02:33:23','cash','2025-09-27 11:33:45','2025-09-27 11:33:45'),
	(74,211,1650.00,'2025-09-14 18:43:54','card','2025-09-27 11:33:45','2025-09-27 11:33:45'),
	(75,137,3489.00,'2025-09-25 02:58:29','bkash','2025-09-27 11:33:45','2025-09-27 11:33:45'),
	(76,234,1799.00,'2025-09-01 20:38:54','bank','2025-09-27 11:33:45','2025-09-27 11:33:45'),
	(77,164,2743.00,'2025-09-25 05:45:07','cash','2025-09-27 11:33:45','2025-09-27 11:33:45'),
	(78,203,3403.00,'2025-07-29 04:44:28','card','2025-09-27 11:33:45','2025-09-27 11:33:45'),
	(79,83,4445.00,'2025-08-21 19:52:36','bkash','2025-09-27 11:33:45','2025-09-27 11:33:45'),
	(80,83,2376.00,'2025-09-25 20:24:29','bkash','2025-09-27 11:33:45','2025-09-27 11:33:45'),
	(81,301,1875.00,'2025-08-25 17:55:16','bank','2025-09-27 11:33:45','2025-09-27 11:33:45'),
	(82,39,3311.00,'2025-08-22 23:45:50','bank','2025-09-27 11:33:45','2025-09-27 11:33:45'),
	(83,183,1722.00,'2025-09-23 06:58:58','bkash','2025-09-27 11:33:45','2025-09-27 11:33:45'),
	(84,297,753.00,'2025-08-25 05:45:10','bank','2025-09-27 11:33:45','2025-09-27 11:33:45'),
	(85,281,2727.00,'2025-08-26 21:39:23','nagad','2025-09-27 11:33:45','2025-09-27 11:33:45'),
	(86,326,2193.00,'2025-08-08 17:15:01','card','2025-09-27 11:33:45','2025-09-27 11:33:45'),
	(87,411,989.00,'2025-07-30 05:15:48','cash','2025-09-27 11:33:45','2025-09-27 11:33:45'),
	(88,88,1123.00,'2025-09-02 06:23:55','bank','2025-09-27 11:33:45','2025-09-27 11:33:45'),
	(89,365,803.00,'2025-09-06 22:37:59','card','2025-09-27 11:33:45','2025-09-27 11:33:45'),
	(90,13,1475.00,'2025-09-15 06:54:22','bank','2025-09-27 11:33:45','2025-09-27 11:33:45'),
	(91,45,2843.00,'2025-08-03 01:55:15','cash','2025-09-27 11:33:45','2025-09-27 11:33:45'),
	(92,271,811.00,'2025-09-11 16:54:29','cash','2025-09-27 11:33:45','2025-09-27 11:33:45'),
	(93,332,1264.00,'2025-08-29 08:47:22','bkash','2025-09-27 11:33:45','2025-09-27 11:33:45'),
	(94,307,4083.00,'2025-08-27 05:05:36','nagad','2025-09-27 11:33:45','2025-09-27 11:33:45'),
	(95,472,1249.00,'2025-09-11 17:00:40','nagad','2025-09-27 11:33:45','2025-09-27 11:33:45'),
	(96,267,1750.00,'2025-08-25 19:13:26','cash','2025-09-27 11:33:45','2025-09-27 11:33:45'),
	(97,158,2041.00,'2025-07-29 20:17:42','cash','2025-09-27 11:33:45','2025-09-27 11:33:45'),
	(98,100,3172.00,'2025-08-12 02:04:02','cash','2025-09-27 11:33:45','2025-09-27 11:33:45'),
	(99,381,649.00,'2025-09-19 05:39:12','card','2025-09-27 11:33:45','2025-09-27 11:33:45'),
	(100,271,2203.00,'2025-07-30 01:53:27','bank','2025-09-27 11:33:45','2025-09-27 11:33:45'),
	(101,13,3093.00,'2025-08-19 16:59:30','bank','2025-09-27 11:33:45','2025-09-27 11:33:45'),
	(102,412,962.00,'2025-07-31 06:42:04','bkash','2025-09-27 11:33:45','2025-09-27 11:33:45'),
	(103,134,3701.00,'2025-08-06 21:46:29','bank','2025-09-27 11:33:45','2025-09-27 11:33:45'),
	(104,316,4555.00,'2025-09-09 11:31:05','nagad','2025-09-27 11:33:45','2025-09-27 11:33:45'),
	(105,70,2499.00,'2025-09-06 11:32:28','card','2025-09-27 11:33:45','2025-09-27 11:33:45'),
	(106,210,871.00,'2025-08-15 09:10:12','cash','2025-09-27 11:33:45','2025-09-27 11:33:45'),
	(107,187,1642.00,'2025-09-19 11:55:41','card','2025-09-27 11:33:45','2025-09-27 11:33:45'),
	(108,65,2847.00,'2025-09-02 18:12:09','card','2025-09-27 11:33:45','2025-09-27 11:33:45'),
	(109,282,971.00,'2025-09-25 15:45:21','card','2025-09-27 11:33:45','2025-09-27 11:33:45'),
	(110,427,558.00,'2025-08-11 11:13:32','card','2025-09-27 11:33:45','2025-09-27 11:33:45'),
	(111,282,3920.00,'2025-08-14 08:55:00','cash','2025-09-27 11:33:45','2025-09-27 11:33:45'),
	(112,36,1823.00,'2025-09-03 03:09:34','nagad','2025-09-27 11:33:45','2025-09-27 11:33:45'),
	(113,391,3699.00,'2025-08-10 15:28:05','cash','2025-09-27 11:33:45','2025-09-27 11:33:45'),
	(114,412,565.00,'2025-08-25 03:14:58','bkash','2025-09-27 11:33:45','2025-09-27 11:33:45'),
	(115,298,2871.00,'2025-08-01 23:45:50','cash','2025-09-27 11:33:45','2025-09-27 11:33:45'),
	(116,164,1644.00,'2025-08-10 06:20:50','bank','2025-09-27 11:33:45','2025-09-27 11:33:45'),
	(117,166,4151.00,'2025-08-20 13:17:35','card','2025-09-27 11:33:45','2025-09-27 11:33:45'),
	(118,171,2158.00,'2025-09-02 10:45:59','bank','2025-09-27 11:33:45','2025-09-27 11:33:45'),
	(119,192,3188.00,'2025-08-28 19:27:42','nagad','2025-09-27 11:33:45','2025-09-27 11:33:45'),
	(120,374,1247.00,'2025-08-23 04:18:17','cash','2025-09-27 11:33:45','2025-09-27 11:33:45'),
	(121,108,3411.00,'2025-08-04 01:12:34','nagad','2025-09-27 11:33:45','2025-09-27 11:33:45'),
	(122,381,633.00,'2025-07-30 20:58:00','nagad','2025-09-27 11:33:45','2025-09-27 11:33:45'),
	(123,145,2884.00,'2025-08-07 13:10:12','cash','2025-09-27 11:33:45','2025-09-27 11:33:45'),
	(124,289,2450.00,'2025-08-16 17:23:45','nagad','2025-09-27 11:33:45','2025-09-27 11:33:45'),
	(125,379,3987.00,'2025-08-07 13:47:00','bank','2025-09-27 11:33:45','2025-09-27 11:33:45'),
	(126,390,624.00,'2025-07-28 08:00:40','bank','2025-09-27 11:33:45','2025-09-27 11:33:45'),
	(127,348,3369.00,'2025-09-20 11:12:24','bank','2025-09-27 11:33:45','2025-09-27 11:33:45'),
	(128,22,1583.00,'2025-08-11 22:59:34','cash','2025-09-27 11:33:45','2025-09-27 11:33:45'),
	(129,72,1233.00,'2025-08-06 19:54:13','nagad','2025-09-27 11:33:45','2025-09-27 11:33:45'),
	(130,277,1507.00,'2025-09-01 21:59:47','nagad','2025-09-27 11:33:45','2025-09-27 11:33:45'),
	(131,477,3360.00,'2025-09-02 03:23:28','cash','2025-09-27 11:33:45','2025-09-27 11:33:45'),
	(132,397,4834.00,'2025-08-29 17:56:06','cash','2025-09-27 11:33:45','2025-09-27 11:33:45'),
	(133,471,1501.00,'2025-09-26 07:50:41','bank','2025-09-27 11:33:45','2025-09-27 11:33:45'),
	(134,281,2894.00,'2025-07-28 16:49:23','cash','2025-09-27 11:33:45','2025-09-27 11:33:45'),
	(135,398,1803.00,'2025-08-08 02:33:52','card','2025-09-27 11:33:45','2025-09-27 11:33:45'),
	(136,407,2428.00,'2025-08-24 10:57:39','cash','2025-09-27 11:33:45','2025-09-27 11:33:45'),
	(137,133,3415.00,'2025-08-01 11:14:35','nagad','2025-09-27 11:33:45','2025-09-27 11:33:45'),
	(138,488,4514.00,'2025-09-02 04:07:23','card','2025-09-27 11:33:45','2025-09-27 11:33:45'),
	(139,384,2171.00,'2025-08-12 07:44:05','cash','2025-09-27 11:33:45','2025-09-27 11:33:45'),
	(140,191,2917.00,'2025-09-08 03:40:42','nagad','2025-09-27 11:33:45','2025-09-27 11:33:45'),
	(141,295,917.00,'2025-08-22 08:49:22','bkash','2025-09-27 11:33:45','2025-09-27 11:33:45'),
	(142,394,1995.00,'2025-08-31 18:55:40','cash','2025-09-27 11:33:45','2025-09-27 11:33:45'),
	(143,436,3606.00,'2025-09-08 01:46:51','bank','2025-09-27 11:33:45','2025-09-27 11:33:45'),
	(144,336,996.00,'2025-08-21 20:21:59','cash','2025-09-27 11:33:45','2025-09-27 11:33:45'),
	(145,19,2653.00,'2025-09-08 00:20:13','nagad','2025-09-27 11:33:45','2025-09-27 11:33:45'),
	(146,57,3776.00,'2025-09-25 06:47:22','cash','2025-09-27 11:33:45','2025-09-27 11:33:45'),
	(147,473,949.00,'2025-09-10 01:35:08','bkash','2025-09-27 11:33:45','2025-09-27 11:33:45'),
	(148,60,3595.00,'2025-09-23 22:16:13','bank','2025-09-27 11:33:45','2025-09-27 11:33:45'),
	(149,266,4970.00,'2025-07-29 18:45:03','card','2025-09-27 11:33:45','2025-09-27 11:33:45'),
	(150,268,4659.00,'2025-08-30 22:45:44','bkash','2025-09-27 11:33:45','2025-09-27 11:33:45'),
	(151,249,2932.00,'2025-08-07 05:57:43','nagad','2025-09-27 11:33:45','2025-09-27 11:33:45'),
	(152,471,571.00,'2025-08-31 09:41:21','cash','2025-09-27 11:33:45','2025-09-27 11:33:45'),
	(153,214,964.00,'2025-08-25 17:38:09','cash','2025-09-27 11:33:45','2025-09-27 11:33:45'),
	(154,51,522.00,'2025-07-29 14:30:03','cash','2025-09-27 11:33:45','2025-09-27 11:33:45'),
	(155,289,629.00,'2025-09-18 22:50:44','bank','2025-09-27 11:33:45','2025-09-27 11:33:45'),
	(156,163,4051.00,'2025-09-18 02:52:25','bank','2025-09-27 11:33:45','2025-09-27 11:33:45'),
	(157,307,1047.00,'2025-09-07 07:47:18','bank','2025-09-27 11:33:45','2025-09-27 11:33:45'),
	(158,97,3051.00,'2025-09-10 19:36:17','card','2025-09-27 11:33:45','2025-09-27 11:33:45'),
	(159,331,4643.00,'2025-09-22 03:30:11','bank','2025-09-27 11:33:45','2025-09-27 11:33:45'),
	(160,122,1470.00,'2025-08-02 16:03:17','nagad','2025-09-27 11:33:45','2025-09-27 11:33:45'),
	(161,126,1695.00,'2025-07-29 03:35:56','card','2025-09-27 11:33:45','2025-09-27 11:33:45'),
	(162,97,3830.00,'2025-09-22 18:22:01','nagad','2025-09-27 11:33:45','2025-09-27 11:33:45'),
	(163,316,672.00,'2025-09-07 22:54:48','cash','2025-09-27 11:33:45','2025-09-27 11:33:45'),
	(164,185,1347.00,'2025-08-10 03:01:54','card','2025-09-27 11:33:45','2025-09-27 11:33:45'),
	(165,1,1240.00,'2025-09-05 02:24:10','cash','2025-09-27 11:33:45','2025-09-27 11:33:45'),
	(166,260,4897.00,'2025-07-27 21:42:19','card','2025-09-27 11:33:45','2025-09-27 11:33:45'),
	(167,3,1745.00,'2025-08-16 12:46:43','bank','2025-09-27 11:33:45','2025-09-27 11:33:45'),
	(168,97,3448.00,'2025-09-23 04:01:02','bank','2025-09-27 11:33:45','2025-09-27 11:33:45'),
	(169,333,1623.00,'2025-08-16 06:26:17','bank','2025-09-27 11:33:45','2025-09-27 11:33:45'),
	(170,469,2582.00,'2025-09-06 23:13:14','nagad','2025-09-27 11:33:45','2025-09-27 11:33:45'),
	(171,485,4094.00,'2025-09-09 19:20:37','cash','2025-09-27 11:33:45','2025-09-27 11:33:45'),
	(172,284,3325.00,'2025-09-01 01:25:43','card','2025-09-27 11:33:45','2025-09-27 11:33:45'),
	(173,163,1444.00,'2025-08-18 07:51:20','bank','2025-09-27 11:33:45','2025-09-27 11:33:45'),
	(174,180,2263.00,'2025-08-31 11:42:11','bank','2025-09-27 11:33:45','2025-09-27 11:33:45'),
	(175,79,2778.00,'2025-09-20 08:35:09','card','2025-09-27 11:33:45','2025-09-27 11:33:45'),
	(176,481,2599.00,'2025-08-05 12:19:21','card','2025-09-27 11:33:45','2025-09-27 11:33:45'),
	(177,441,4806.00,'2025-08-15 22:28:23','cash','2025-09-27 11:33:45','2025-09-27 11:33:45'),
	(178,267,558.00,'2025-09-18 23:47:13','cash','2025-09-27 11:33:45','2025-09-27 11:33:45'),
	(179,174,4788.00,'2025-08-24 18:55:36','bank','2025-09-27 11:33:45','2025-09-27 11:33:45'),
	(180,427,3988.00,'2025-09-06 05:53:52','card','2025-09-27 11:33:45','2025-09-27 11:33:45'),
	(181,290,671.00,'2025-08-03 00:18:34','cash','2025-09-27 11:33:45','2025-09-27 11:33:45'),
	(182,267,1607.00,'2025-08-29 09:36:07','cash','2025-09-27 11:33:45','2025-09-27 11:33:45'),
	(183,66,2681.00,'2025-08-04 09:59:54','card','2025-09-27 11:33:45','2025-09-27 11:33:45'),
	(184,257,2297.00,'2025-08-30 16:43:38','card','2025-09-27 11:33:45','2025-09-27 11:33:45'),
	(185,254,4996.00,'2025-09-01 06:12:48','nagad','2025-09-27 11:33:45','2025-09-27 11:33:45'),
	(186,300,1570.00,'2025-07-28 00:57:51','nagad','2025-09-27 11:33:45','2025-09-27 11:33:45'),
	(187,226,1332.00,'2025-08-16 00:25:01','nagad','2025-09-27 11:33:45','2025-09-27 11:33:45'),
	(188,489,952.00,'2025-08-26 18:39:40','cash','2025-09-27 11:33:45','2025-09-27 11:33:45'),
	(189,384,3096.00,'2025-08-27 12:11:28','card','2025-09-27 11:33:45','2025-09-27 11:33:45'),
	(190,235,2228.00,'2025-08-08 00:46:18','nagad','2025-09-27 11:33:45','2025-09-27 11:33:45'),
	(191,236,1355.00,'2025-08-11 11:10:09','bkash','2025-09-27 11:33:45','2025-09-27 11:33:45'),
	(192,290,2128.00,'2025-09-02 21:51:57','nagad','2025-09-27 11:33:45','2025-09-27 11:33:45'),
	(193,281,3611.00,'2025-08-09 20:28:42','bkash','2025-09-27 11:33:45','2025-09-27 11:33:45'),
	(194,418,550.00,'2025-08-29 04:54:41','card','2025-09-27 11:33:45','2025-09-27 11:33:45'),
	(195,490,2722.00,'2025-09-15 02:38:58','bank','2025-09-27 11:33:45','2025-09-27 11:33:45'),
	(196,190,1221.00,'2025-09-08 19:02:25','bank','2025-09-27 11:33:45','2025-09-27 11:33:45'),
	(197,431,1678.00,'2025-09-26 11:55:14','bank','2025-09-27 11:33:45','2025-09-27 11:33:45'),
	(198,393,2029.00,'2025-08-19 14:49:54','bkash','2025-09-27 11:33:45','2025-09-27 11:33:45'),
	(199,341,2781.00,'2025-08-03 09:08:08','cash','2025-09-27 11:33:45','2025-09-27 11:33:45'),
	(200,373,4162.00,'2025-08-19 21:43:24','nagad','2025-09-27 11:33:45','2025-09-27 11:33:45'),
	(201,167,3099.00,'2025-08-24 00:00:43','nagad','2025-09-27 11:33:45','2025-09-27 11:33:45'),
	(202,149,3458.00,'2025-08-25 12:30:16','bkash','2025-09-27 11:33:45','2025-09-27 11:33:45'),
	(203,55,4105.00,'2025-09-07 17:39:21','cash','2025-09-27 11:33:45','2025-09-27 11:33:45'),
	(204,383,571.00,'2025-08-09 12:12:35','card','2025-09-27 11:33:45','2025-09-27 11:33:45'),
	(205,159,3023.00,'2025-09-16 12:28:48','card','2025-09-27 11:33:45','2025-09-27 11:33:45'),
	(206,313,3870.00,'2025-08-12 00:36:48','cash','2025-09-27 11:33:45','2025-09-27 11:33:45'),
	(207,140,1939.00,'2025-08-24 00:17:15','cash','2025-09-27 11:33:45','2025-09-27 11:33:45'),
	(208,68,2455.00,'2025-08-07 11:16:12','card','2025-09-27 11:33:45','2025-09-27 11:33:45'),
	(209,327,2341.00,'2025-09-06 21:29:16','nagad','2025-09-27 11:33:45','2025-09-27 11:33:45'),
	(210,175,2586.00,'2025-09-13 02:19:06','bank','2025-09-27 11:33:45','2025-09-27 11:33:45'),
	(211,21,656.00,'2025-09-24 17:54:56','nagad','2025-09-27 11:33:45','2025-09-27 11:33:45'),
	(212,54,2423.00,'2025-08-21 06:50:41','card','2025-09-27 11:33:45','2025-09-27 11:33:45'),
	(213,98,4374.00,'2025-08-10 13:37:01','nagad','2025-09-27 11:33:45','2025-09-27 11:33:45'),
	(214,451,1617.00,'2025-09-16 16:27:34','bkash','2025-09-27 11:33:45','2025-09-27 11:33:45'),
	(215,258,1063.00,'2025-09-02 11:10:45','card','2025-09-27 11:33:45','2025-09-27 11:33:45'),
	(216,433,3071.00,'2025-08-31 09:18:15','nagad','2025-09-27 11:33:45','2025-09-27 11:33:45'),
	(217,197,1669.00,'2025-08-28 20:27:43','nagad','2025-09-27 11:33:45','2025-09-27 11:33:45'),
	(218,241,1558.00,'2025-09-09 14:26:50','nagad','2025-09-27 11:33:45','2025-09-27 11:33:45'),
	(219,400,3106.00,'2025-09-16 20:12:43','card','2025-09-27 11:33:45','2025-09-27 11:33:45'),
	(220,130,1292.00,'2025-09-18 00:10:31','cash','2025-09-27 11:33:45','2025-09-27 11:33:45'),
	(221,472,2940.00,'2025-09-15 00:05:03','bank','2025-09-27 11:33:45','2025-09-27 11:33:45'),
	(222,151,2574.00,'2025-08-31 12:12:16','cash','2025-09-27 11:33:45','2025-09-27 11:33:45'),
	(223,310,3948.00,'2025-09-12 10:10:32','cash','2025-09-27 11:33:45','2025-09-27 11:33:45'),
	(224,467,3802.00,'2025-09-22 09:07:45','nagad','2025-09-27 11:33:45','2025-09-27 11:33:45'),
	(225,98,2306.00,'2025-08-07 07:06:10','card','2025-09-27 11:33:45','2025-09-27 11:33:45'),
	(226,202,2173.00,'2025-09-10 16:09:20','cash','2025-09-27 11:33:45','2025-09-27 11:33:45'),
	(227,414,2377.00,'2025-07-28 11:56:44','card','2025-09-27 11:33:45','2025-09-27 11:33:45'),
	(228,111,3873.00,'2025-07-29 20:52:10','bank','2025-09-27 11:33:45','2025-09-27 11:33:45'),
	(229,408,4409.00,'2025-08-26 04:15:56','nagad','2025-09-27 11:33:45','2025-09-27 11:33:45'),
	(230,134,3212.00,'2025-09-14 02:41:10','nagad','2025-09-27 11:33:45','2025-09-27 11:33:45'),
	(231,3,3894.00,'2025-08-27 08:22:04','bkash','2025-09-27 11:33:45','2025-09-27 11:33:45'),
	(232,287,1322.00,'2025-09-07 12:55:10','nagad','2025-09-27 11:33:45','2025-09-27 11:33:45'),
	(233,423,4516.00,'2025-08-18 17:23:37','bank','2025-09-27 11:33:45','2025-09-27 11:33:45'),
	(234,207,4256.00,'2025-08-30 17:41:30','cash','2025-09-27 11:33:45','2025-09-27 11:33:45'),
	(235,139,3175.00,'2025-08-26 00:56:34','nagad','2025-09-27 11:33:45','2025-09-27 11:33:45'),
	(236,46,2732.00,'2025-08-25 22:53:38','card','2025-09-27 11:33:45','2025-09-27 11:33:45'),
	(237,484,2588.00,'2025-07-29 15:14:15','cash','2025-09-27 11:33:45','2025-09-27 11:33:45'),
	(238,299,4676.00,'2025-08-26 05:24:09','bank','2025-09-27 11:33:45','2025-09-27 11:33:45'),
	(239,267,1152.00,'2025-09-15 11:09:05','nagad','2025-09-27 11:33:45','2025-09-27 11:33:45'),
	(240,295,3949.00,'2025-09-21 16:39:23','card','2025-09-27 11:33:45','2025-09-27 11:33:45'),
	(241,410,3745.00,'2025-09-11 01:53:59','bkash','2025-09-27 11:33:45','2025-09-27 11:33:45'),
	(242,390,3608.00,'2025-08-05 04:51:51','card','2025-09-27 11:33:45','2025-09-27 11:33:45'),
	(243,129,503.00,'2025-08-21 21:17:01','cash','2025-09-27 11:33:45','2025-09-27 11:33:45'),
	(244,128,2459.00,'2025-08-15 02:16:01','cash','2025-09-27 11:33:45','2025-09-27 11:33:45'),
	(245,385,4648.00,'2025-09-03 11:45:52','bkash','2025-09-27 11:33:45','2025-09-27 11:33:45'),
	(246,20,703.00,'2025-09-14 06:35:33','bank','2025-09-27 11:33:45','2025-09-27 11:33:45'),
	(247,466,967.00,'2025-08-20 09:21:13','nagad','2025-09-27 11:33:45','2025-09-27 11:33:45'),
	(248,292,561.00,'2025-09-11 10:34:20','bank','2025-09-27 11:33:45','2025-09-27 11:33:45'),
	(249,473,3569.00,'2025-08-04 06:01:26','bkash','2025-09-27 11:33:45','2025-09-27 11:33:45'),
	(250,174,2750.00,'2025-08-21 21:31:16','card','2025-09-27 11:33:45','2025-09-27 11:33:45'),
	(251,223,4688.00,'2025-09-26 09:27:48','nagad','2025-09-27 11:33:45','2025-09-27 11:33:45'),
	(252,76,2671.00,'2025-09-21 07:24:27','cash','2025-09-27 11:33:45','2025-09-27 11:33:45'),
	(253,31,1917.00,'2025-09-06 14:38:08','bank','2025-09-27 11:33:45','2025-09-27 11:33:45'),
	(254,418,3895.00,'2025-09-09 04:34:33','bank','2025-09-27 11:33:45','2025-09-27 11:33:45'),
	(255,433,3207.00,'2025-08-05 15:30:43','nagad','2025-09-27 11:33:45','2025-09-27 11:33:45'),
	(256,115,2186.00,'2025-09-13 08:19:58','cash','2025-09-27 11:33:45','2025-09-27 11:33:45'),
	(257,471,3447.00,'2025-08-08 03:55:54','card','2025-09-27 11:33:45','2025-09-27 11:33:45'),
	(258,176,2208.00,'2025-07-31 21:48:43','card','2025-09-27 11:33:45','2025-09-27 11:33:45'),
	(259,181,600.00,'2025-07-29 09:28:08','cash','2025-09-27 11:33:45','2025-09-27 11:33:45'),
	(260,431,540.00,'2025-08-08 16:35:26','bkash','2025-09-27 11:33:45','2025-09-27 11:33:45'),
	(261,56,3166.00,'2025-08-29 00:03:09','bkash','2025-09-27 11:33:45','2025-09-27 11:33:45'),
	(262,5,997.00,'2025-09-16 12:00:10','card','2025-09-27 11:33:45','2025-09-27 11:33:45'),
	(263,209,1050.00,'2025-09-25 09:25:24','bank','2025-09-27 11:33:45','2025-09-27 11:33:45'),
	(264,39,1951.00,'2025-08-03 23:28:47','nagad','2025-09-27 11:33:45','2025-09-27 11:33:45'),
	(265,305,2472.00,'2025-09-21 05:14:09','bkash','2025-09-27 11:33:45','2025-09-27 11:33:45'),
	(266,160,3268.00,'2025-08-09 04:07:45','nagad','2025-09-27 11:33:45','2025-09-27 11:33:45'),
	(267,127,2601.00,'2025-08-14 07:36:33','nagad','2025-09-27 11:33:45','2025-09-27 11:33:45'),
	(268,148,4494.00,'2025-09-20 07:35:25','cash','2025-09-27 11:33:45','2025-09-27 11:33:45'),
	(269,41,2128.00,'2025-08-19 09:45:00','nagad','2025-09-27 11:33:45','2025-09-27 11:33:45'),
	(270,82,4689.00,'2025-08-15 03:44:34','cash','2025-09-27 11:33:45','2025-09-27 11:33:45'),
	(271,67,3559.00,'2025-09-09 18:06:57','bank','2025-09-27 11:33:45','2025-09-27 11:33:45'),
	(272,265,4155.00,'2025-07-28 12:48:50','cash','2025-09-27 11:33:45','2025-09-27 11:33:45'),
	(273,432,4169.00,'2025-07-31 20:51:04','card','2025-09-27 11:33:45','2025-09-27 11:33:45'),
	(274,79,936.00,'2025-09-14 12:41:22','cash','2025-09-27 11:33:45','2025-09-27 11:33:45'),
	(275,140,2119.00,'2025-09-08 06:52:13','cash','2025-09-27 11:33:45','2025-09-27 11:33:45'),
	(276,350,813.00,'2025-08-31 05:03:51','bkash','2025-09-27 11:33:45','2025-09-27 11:33:45'),
	(277,493,3850.00,'2025-08-23 13:53:03','nagad','2025-09-27 11:33:45','2025-09-27 11:33:45'),
	(278,225,1066.00,'2025-08-17 16:11:31','bkash','2025-09-27 11:33:45','2025-09-27 11:33:45'),
	(279,401,4623.00,'2025-08-24 15:46:30','cash','2025-09-27 11:33:45','2025-09-27 11:33:45'),
	(280,492,1010.00,'2025-08-09 09:19:34','bkash','2025-09-27 11:33:45','2025-09-27 11:33:45'),
	(281,373,4840.00,'2025-08-08 13:00:05','bank','2025-09-27 11:33:45','2025-09-27 11:33:45'),
	(282,10,1302.00,'2025-09-01 05:40:00','nagad','2025-09-27 11:33:45','2025-09-27 11:33:45'),
	(283,150,4531.00,'2025-08-06 03:26:33','nagad','2025-09-27 11:33:45','2025-09-27 11:33:45'),
	(284,370,873.00,'2025-08-29 10:48:52','nagad','2025-09-27 11:33:45','2025-09-27 11:33:45'),
	(285,334,3514.00,'2025-07-31 11:15:26','cash','2025-09-27 11:33:45','2025-09-27 11:33:45'),
	(286,244,1681.00,'2025-08-23 14:32:32','card','2025-09-27 11:33:45','2025-09-27 11:33:45'),
	(287,456,4917.00,'2025-08-27 14:31:19','bank','2025-09-27 11:33:45','2025-09-27 11:33:45'),
	(288,87,4121.00,'2025-09-13 22:45:11','bkash','2025-09-27 11:33:45','2025-09-27 11:33:45'),
	(289,82,2150.00,'2025-08-21 12:12:56','bkash','2025-09-27 11:33:45','2025-09-27 11:33:45'),
	(290,160,3008.00,'2025-09-12 03:12:33','card','2025-09-27 11:33:45','2025-09-27 11:33:45'),
	(291,315,2702.00,'2025-08-26 06:33:53','cash','2025-09-27 11:33:45','2025-09-27 11:33:45'),
	(292,216,2172.00,'2025-09-08 22:43:06','bkash','2025-09-27 11:33:45','2025-09-27 11:33:45'),
	(293,483,2766.00,'2025-08-03 22:23:21','card','2025-09-27 11:33:45','2025-09-27 11:33:45'),
	(294,301,4882.00,'2025-09-03 06:51:06','bank','2025-09-27 11:33:45','2025-09-27 11:33:45'),
	(295,494,753.00,'2025-09-22 02:44:32','bkash','2025-09-27 11:33:45','2025-09-27 11:33:45'),
	(296,368,3122.00,'2025-08-19 01:55:54','nagad','2025-09-27 11:33:45','2025-09-27 11:33:45'),
	(297,194,2306.00,'2025-08-04 06:23:32','card','2025-09-27 11:33:45','2025-09-27 11:33:45'),
	(298,500,3290.00,'2025-08-12 08:22:00','card','2025-09-27 11:33:45','2025-09-27 11:33:45'),
	(299,493,2894.00,'2025-08-27 21:52:06','nagad','2025-09-27 11:33:45','2025-09-27 11:33:45'),
	(300,56,3894.00,'2025-08-09 10:55:48','cash','2025-09-27 11:33:45','2025-09-27 11:33:45'),
	(301,286,4390.00,'2025-08-15 00:22:47','card','2025-09-27 11:33:45','2025-09-27 11:33:45'),
	(302,391,2924.00,'2025-08-11 23:32:41','cash','2025-09-27 11:33:45','2025-09-27 11:33:45'),
	(303,338,3228.00,'2025-09-12 03:25:39','bank','2025-09-27 11:33:45','2025-09-27 11:33:45'),
	(304,457,1492.00,'2025-09-21 12:46:04','nagad','2025-09-27 11:33:45','2025-09-27 11:33:45'),
	(305,447,3528.00,'2025-08-07 19:42:37','card','2025-09-27 11:33:45','2025-09-27 11:33:45'),
	(306,163,4039.00,'2025-09-01 04:58:51','bank','2025-09-27 11:33:45','2025-09-27 11:33:45'),
	(307,210,4951.00,'2025-09-19 11:27:42','bkash','2025-09-27 11:33:45','2025-09-27 11:33:45'),
	(308,273,4069.00,'2025-08-08 00:27:36','nagad','2025-09-27 11:33:45','2025-09-27 11:33:45'),
	(309,168,3145.00,'2025-08-26 14:31:34','cash','2025-09-27 11:33:45','2025-09-27 11:33:45'),
	(310,347,3552.00,'2025-09-02 16:05:13','card','2025-09-27 11:33:45','2025-09-27 11:33:45'),
	(311,216,2123.00,'2025-09-15 19:20:55','cash','2025-09-27 11:33:45','2025-09-27 11:33:45'),
	(312,74,1038.00,'2025-08-18 03:03:07','bkash','2025-09-27 11:33:45','2025-09-27 11:33:45'),
	(313,450,621.00,'2025-08-07 18:28:51','card','2025-09-27 11:33:45','2025-09-27 11:33:45'),
	(314,488,511.00,'2025-08-06 13:01:16','cash','2025-09-27 11:33:45','2025-09-27 11:33:45'),
	(315,79,2733.00,'2025-08-12 20:44:14','bank','2025-09-27 11:33:45','2025-09-27 11:33:45'),
	(316,319,3712.00,'2025-08-28 13:27:44','cash','2025-09-27 11:33:45','2025-09-27 11:33:45'),
	(317,288,611.00,'2025-08-16 00:27:09','bkash','2025-09-27 11:33:45','2025-09-27 11:33:45'),
	(318,221,4920.00,'2025-08-03 11:07:03','bank','2025-09-27 11:33:45','2025-09-27 11:33:45'),
	(319,246,1991.00,'2025-07-28 23:14:29','cash','2025-09-27 11:33:45','2025-09-27 11:33:45'),
	(320,277,2020.00,'2025-08-01 21:48:08','bkash','2025-09-27 11:33:45','2025-09-27 11:33:45'),
	(321,304,862.00,'2025-09-25 07:35:08','nagad','2025-09-27 11:33:45','2025-09-27 11:33:45'),
	(322,128,1238.00,'2025-08-06 19:29:45','bank','2025-09-27 11:33:45','2025-09-27 11:33:45'),
	(323,192,509.00,'2025-08-08 04:44:19','cash','2025-09-27 11:33:45','2025-09-27 11:33:45'),
	(324,298,3773.00,'2025-09-23 04:36:46','cash','2025-09-27 11:33:45','2025-09-27 11:33:45'),
	(325,154,2295.00,'2025-07-30 17:45:43','card','2025-09-27 11:33:45','2025-09-27 11:33:45'),
	(326,296,693.00,'2025-08-13 14:43:57','nagad','2025-09-27 11:33:45','2025-09-27 11:33:45'),
	(327,441,3573.00,'2025-08-22 19:24:37','card','2025-09-27 11:33:45','2025-09-27 11:33:45'),
	(328,64,2131.00,'2025-09-15 17:06:19','bank','2025-09-27 11:33:45','2025-09-27 11:33:45'),
	(329,391,3874.00,'2025-07-27 20:51:24','cash','2025-09-27 11:33:45','2025-09-27 11:33:45'),
	(330,459,4126.00,'2025-07-30 23:56:38','card','2025-09-27 11:33:45','2025-09-27 11:33:45'),
	(331,442,3246.00,'2025-08-30 06:48:25','cash','2025-09-27 11:33:45','2025-09-27 11:33:45'),
	(332,191,711.00,'2025-09-16 14:54:21','bkash','2025-09-27 11:33:45','2025-09-27 11:33:45'),
	(333,90,3376.00,'2025-08-03 17:57:23','cash','2025-09-27 11:33:45','2025-09-27 11:33:45'),
	(334,479,2431.00,'2025-08-12 20:59:34','nagad','2025-09-27 11:33:45','2025-09-27 11:33:45'),
	(335,383,1061.00,'2025-07-29 05:43:08','cash','2025-09-27 11:33:45','2025-09-27 11:33:45'),
	(336,431,3408.00,'2025-09-01 13:51:59','nagad','2025-09-27 11:33:45','2025-09-27 11:33:45'),
	(337,86,2950.00,'2025-08-24 16:51:41','cash','2025-09-27 11:33:45','2025-09-27 11:33:45'),
	(338,14,782.00,'2025-09-26 03:22:40','bank','2025-09-27 11:33:45','2025-09-27 11:33:45'),
	(339,348,4232.00,'2025-09-01 02:28:12','cash','2025-09-27 11:33:45','2025-09-27 11:33:45'),
	(340,144,4588.00,'2025-08-17 02:34:36','cash','2025-09-27 11:33:45','2025-09-27 11:33:45'),
	(341,36,3040.00,'2025-08-09 23:21:10','bkash','2025-09-27 11:33:45','2025-09-27 11:33:45'),
	(342,216,2667.00,'2025-09-03 22:41:05','bkash','2025-09-27 11:33:45','2025-09-27 11:33:45'),
	(343,395,3930.00,'2025-08-07 13:01:54','bkash','2025-09-27 11:33:45','2025-09-27 11:33:45'),
	(344,257,4685.00,'2025-08-05 16:56:58','nagad','2025-09-27 11:33:45','2025-09-27 11:33:45'),
	(345,396,1488.00,'2025-09-10 10:31:01','card','2025-09-27 11:33:45','2025-09-27 11:33:45'),
	(346,107,4334.00,'2025-08-02 22:48:54','card','2025-09-27 11:33:45','2025-09-27 11:33:45'),
	(347,386,4694.00,'2025-09-03 07:39:28','bkash','2025-09-27 11:33:45','2025-09-27 11:33:45'),
	(348,469,2505.00,'2025-08-08 13:59:12','bkash','2025-09-27 11:33:45','2025-09-27 11:33:45'),
	(349,305,2356.00,'2025-08-08 23:03:38','cash','2025-09-27 11:33:45','2025-09-27 11:33:45'),
	(350,354,4605.00,'2025-08-30 06:10:55','nagad','2025-09-27 11:33:45','2025-09-27 11:33:45'),
	(351,211,3036.00,'2025-08-27 00:21:31','cash','2025-09-27 11:33:45','2025-09-27 11:33:45'),
	(352,269,4980.00,'2025-08-19 15:29:43','bkash','2025-09-27 11:33:45','2025-09-27 11:33:45'),
	(353,434,2194.00,'2025-09-17 14:43:31','nagad','2025-09-27 11:33:45','2025-09-27 11:33:45'),
	(354,336,795.00,'2025-08-01 03:48:50','bank','2025-09-27 11:33:45','2025-09-27 11:33:45'),
	(355,273,629.00,'2025-08-24 21:08:13','card','2025-09-27 11:33:45','2025-09-27 11:33:45'),
	(356,133,2254.00,'2025-08-28 02:02:06','bank','2025-09-27 11:33:45','2025-09-27 11:33:45'),
	(357,384,3224.00,'2025-08-18 20:20:24','cash','2025-09-27 11:33:45','2025-09-27 11:33:45'),
	(358,80,576.00,'2025-09-18 10:34:40','bkash','2025-09-27 11:33:45','2025-09-27 11:33:45'),
	(359,125,2158.00,'2025-08-13 15:21:10','bank','2025-09-27 11:33:45','2025-09-27 11:33:45'),
	(360,227,2112.00,'2025-08-23 13:19:03','nagad','2025-09-27 11:33:45','2025-09-27 11:33:45'),
	(361,321,1511.00,'2025-08-31 18:46:29','bkash','2025-09-27 11:33:45','2025-09-27 11:33:45'),
	(362,262,1622.00,'2025-09-07 00:26:29','bank','2025-09-27 11:33:45','2025-09-27 11:33:45'),
	(363,165,2033.00,'2025-07-31 17:56:52','nagad','2025-09-27 11:33:45','2025-09-27 11:33:45'),
	(364,95,875.00,'2025-09-22 13:57:26','nagad','2025-09-27 11:33:45','2025-09-27 11:33:45'),
	(365,31,3992.00,'2025-08-28 21:36:57','card','2025-09-27 11:33:45','2025-09-27 11:33:45'),
	(366,495,3108.00,'2025-09-26 17:29:11','nagad','2025-09-27 11:33:45','2025-09-27 11:33:45'),
	(367,334,3216.00,'2025-07-31 08:08:51','bank','2025-09-27 11:33:45','2025-09-27 11:33:45'),
	(368,387,1846.00,'2025-08-02 18:51:49','card','2025-09-27 11:33:45','2025-09-27 11:33:45'),
	(369,354,2789.00,'2025-09-04 08:30:02','bkash','2025-09-27 11:33:45','2025-09-27 11:33:45'),
	(370,366,4151.00,'2025-08-12 06:37:49','bank','2025-09-27 11:33:45','2025-09-27 11:33:45'),
	(371,53,1951.00,'2025-09-24 00:28:57','bank','2025-09-27 11:33:45','2025-09-27 11:33:45'),
	(372,56,3708.00,'2025-08-01 10:08:50','card','2025-09-27 11:33:45','2025-09-27 11:33:45'),
	(373,214,1520.00,'2025-09-05 12:54:25','bank','2025-09-27 11:33:45','2025-09-27 11:33:45'),
	(374,305,858.00,'2025-08-02 20:20:14','cash','2025-09-27 11:33:45','2025-09-27 11:33:45'),
	(375,342,3366.00,'2025-08-02 17:57:11','bank','2025-09-27 11:33:45','2025-09-27 11:33:45'),
	(376,49,2428.00,'2025-08-27 22:51:16','bkash','2025-09-27 11:33:45','2025-09-27 11:33:45'),
	(377,197,2742.00,'2025-08-29 09:30:57','card','2025-09-27 11:33:45','2025-09-27 11:33:45'),
	(378,252,4975.00,'2025-08-27 13:57:47','bank','2025-09-27 11:33:45','2025-09-27 11:33:45'),
	(379,403,3309.00,'2025-07-31 02:47:24','card','2025-09-27 11:33:45','2025-09-27 11:33:45'),
	(380,409,2032.00,'2025-09-11 19:54:18','bank','2025-09-27 11:33:45','2025-09-27 11:33:45'),
	(381,353,989.00,'2025-08-20 10:56:22','nagad','2025-09-27 11:33:45','2025-09-27 11:33:45'),
	(382,299,809.00,'2025-09-11 11:48:30','cash','2025-09-27 11:33:45','2025-09-27 11:33:45'),
	(383,440,4161.00,'2025-07-30 02:55:13','bkash','2025-09-27 11:33:45','2025-09-27 11:33:45'),
	(384,297,4896.00,'2025-08-25 03:11:35','nagad','2025-09-27 11:33:45','2025-09-27 11:33:45'),
	(385,430,1875.00,'2025-08-21 14:34:27','bank','2025-09-27 11:33:45','2025-09-27 11:33:45'),
	(386,93,2418.00,'2025-09-07 17:50:02','bkash','2025-09-27 11:33:45','2025-09-27 11:33:45'),
	(387,492,4385.00,'2025-09-09 11:55:52','cash','2025-09-27 11:33:45','2025-09-27 11:33:45'),
	(388,407,3215.00,'2025-07-29 15:02:55','bkash','2025-09-27 11:33:45','2025-09-27 11:33:45'),
	(389,385,1269.00,'2025-09-11 14:28:55','nagad','2025-09-27 11:33:45','2025-09-27 11:33:45'),
	(390,65,3856.00,'2025-08-01 14:27:32','nagad','2025-09-27 11:33:45','2025-09-27 11:33:45'),
	(391,86,682.00,'2025-08-07 22:08:13','bank','2025-09-27 11:33:45','2025-09-27 11:33:45'),
	(392,436,2032.00,'2025-09-07 18:12:55','cash','2025-09-27 11:33:45','2025-09-27 11:33:45'),
	(393,464,3356.00,'2025-09-01 14:36:32','nagad','2025-09-27 11:33:45','2025-09-27 11:33:45'),
	(394,40,2060.00,'2025-08-17 09:56:27','bank','2025-09-27 11:33:45','2025-09-27 11:33:45'),
	(395,308,3350.00,'2025-09-08 09:33:58','bank','2025-09-27 11:33:45','2025-09-27 11:33:45'),
	(396,428,3184.00,'2025-08-02 17:58:39','bank','2025-09-27 11:33:45','2025-09-27 11:33:45'),
	(397,458,4730.00,'2025-09-18 00:58:47','cash','2025-09-27 11:33:45','2025-09-27 11:33:45'),
	(398,228,2409.00,'2025-08-06 18:49:27','bkash','2025-09-27 11:33:45','2025-09-27 11:33:45'),
	(399,367,1164.00,'2025-08-06 15:34:16','card','2025-09-27 11:33:45','2025-09-27 11:33:45'),
	(400,202,1105.00,'2025-09-05 12:48:36','card','2025-09-27 11:33:45','2025-09-27 11:33:45'),
	(401,368,3681.00,'2025-08-11 04:17:34','card','2025-09-27 11:33:45','2025-09-27 11:33:45'),
	(402,430,2926.00,'2025-07-31 02:38:10','bank','2025-09-27 11:33:45','2025-09-27 11:33:45'),
	(403,284,3869.00,'2025-07-30 22:15:13','nagad','2025-09-27 11:33:45','2025-09-27 11:33:45'),
	(404,342,2480.00,'2025-08-11 13:42:33','card','2025-09-27 11:33:45','2025-09-27 11:33:45'),
	(405,119,1093.00,'2025-09-14 20:00:34','nagad','2025-09-27 11:33:45','2025-09-27 11:33:45'),
	(406,9,1478.00,'2025-09-20 15:37:44','bkash','2025-09-27 11:33:45','2025-09-27 11:33:45'),
	(407,135,1163.00,'2025-08-25 15:21:06','card','2025-09-27 11:33:45','2025-09-27 11:33:45'),
	(408,467,2685.00,'2025-08-27 06:00:27','nagad','2025-09-27 11:33:45','2025-09-27 11:33:45'),
	(409,406,4000.00,'2025-08-16 16:03:09','cash','2025-09-27 11:33:45','2025-09-27 11:33:45'),
	(410,225,1406.00,'2025-08-23 09:43:39','bkash','2025-09-27 11:33:45','2025-09-27 11:33:45'),
	(411,330,4748.00,'2025-08-19 20:08:34','bank','2025-09-27 11:33:45','2025-09-27 11:33:45'),
	(412,42,2634.00,'2025-08-18 06:24:29','bank','2025-09-27 11:33:45','2025-09-27 11:33:45'),
	(413,376,4073.00,'2025-08-07 15:59:08','bank','2025-09-27 11:33:45','2025-09-27 11:33:45'),
	(414,498,2686.00,'2025-09-01 09:42:00','nagad','2025-09-27 11:33:45','2025-09-27 11:33:45'),
	(415,6,679.00,'2025-09-13 20:43:43','bkash','2025-09-27 11:33:45','2025-09-27 11:33:45'),
	(416,243,2209.00,'2025-08-30 13:33:41','bank','2025-09-27 11:33:45','2025-09-27 11:33:45'),
	(417,235,3339.00,'2025-09-17 21:21:51','cash','2025-09-27 11:33:45','2025-09-27 11:33:45'),
	(418,298,2267.00,'2025-08-18 11:27:53','bank','2025-09-27 11:33:45','2025-09-27 11:33:45'),
	(419,166,1301.00,'2025-08-27 00:07:28','card','2025-09-27 11:33:45','2025-09-27 11:33:45'),
	(420,377,3266.00,'2025-08-08 04:03:29','cash','2025-09-27 11:33:45','2025-09-27 11:33:45'),
	(421,24,1835.00,'2025-08-20 08:46:52','nagad','2025-09-27 11:33:45','2025-09-27 11:33:45'),
	(422,256,3908.00,'2025-09-10 11:27:42','bank','2025-09-27 11:33:45','2025-09-27 11:33:45'),
	(423,17,3677.00,'2025-09-19 22:59:46','nagad','2025-09-27 11:33:45','2025-09-27 11:33:45'),
	(424,2,2431.00,'2025-08-27 11:28:41','nagad','2025-09-27 11:33:45','2025-09-27 11:33:45'),
	(425,494,1746.00,'2025-09-20 12:24:14','nagad','2025-09-27 11:33:45','2025-09-27 11:33:45'),
	(426,12,873.00,'2025-09-24 11:58:59','cash','2025-09-27 11:33:45','2025-09-27 11:33:45'),
	(427,412,2511.00,'2025-09-26 16:52:42','bkash','2025-09-27 11:33:45','2025-09-27 11:33:45'),
	(428,421,1890.00,'2025-08-23 21:32:30','bank','2025-09-27 11:33:45','2025-09-27 11:33:45'),
	(429,235,2089.00,'2025-09-17 03:50:24','nagad','2025-09-27 11:33:45','2025-09-27 11:33:45'),
	(430,439,2105.00,'2025-08-02 13:51:28','bank','2025-09-27 11:33:45','2025-09-27 11:33:45'),
	(431,420,2226.00,'2025-09-09 15:31:03','card','2025-09-27 11:33:45','2025-09-27 11:33:45'),
	(432,344,4968.00,'2025-07-27 21:51:00','nagad','2025-09-27 11:33:45','2025-09-27 11:33:45'),
	(433,84,3480.00,'2025-08-11 06:33:42','card','2025-09-27 11:33:45','2025-09-27 11:33:45'),
	(434,490,2918.00,'2025-09-11 08:00:45','cash','2025-09-27 11:33:45','2025-09-27 11:33:45'),
	(435,386,2519.00,'2025-08-31 22:41:53','bkash','2025-09-27 11:33:45','2025-09-27 11:33:45'),
	(436,113,2818.00,'2025-08-11 21:11:27','bkash','2025-09-27 11:33:45','2025-09-27 11:33:45'),
	(437,479,961.00,'2025-09-04 09:40:45','card','2025-09-27 11:33:45','2025-09-27 11:33:45'),
	(438,159,3475.00,'2025-08-26 06:17:21','cash','2025-09-27 11:33:45','2025-09-27 11:33:45'),
	(439,385,3173.00,'2025-08-31 08:45:42','cash','2025-09-27 11:33:45','2025-09-27 11:33:45'),
	(440,256,1693.00,'2025-09-21 15:28:15','cash','2025-09-27 11:33:45','2025-09-27 11:33:45'),
	(441,438,2384.00,'2025-07-28 15:07:26','card','2025-09-27 11:33:45','2025-09-27 11:33:45'),
	(442,63,617.00,'2025-08-12 00:57:26','nagad','2025-09-27 11:33:45','2025-09-27 11:33:45'),
	(443,334,2921.00,'2025-08-17 15:38:52','bkash','2025-09-27 11:33:45','2025-09-27 11:33:45'),
	(444,439,4956.00,'2025-08-16 03:51:56','nagad','2025-09-27 11:33:45','2025-09-27 11:33:45'),
	(445,10,3234.00,'2025-08-03 21:15:40','bank','2025-09-27 11:33:45','2025-09-27 11:33:45'),
	(446,338,4021.00,'2025-08-17 21:03:01','nagad','2025-09-27 11:33:45','2025-09-27 11:33:45'),
	(447,121,1442.00,'2025-09-21 11:41:31','card','2025-09-27 11:33:45','2025-09-27 11:33:45'),
	(448,31,613.00,'2025-09-21 07:33:28','nagad','2025-09-27 11:33:45','2025-09-27 11:33:45'),
	(449,124,580.00,'2025-08-09 18:02:19','bank','2025-09-27 11:33:45','2025-09-27 11:33:45'),
	(450,382,3804.00,'2025-07-28 22:29:45','nagad','2025-09-27 11:33:45','2025-09-27 11:33:45'),
	(451,146,4908.00,'2025-08-01 21:28:03','bank','2025-09-27 11:33:45','2025-09-27 11:33:45'),
	(452,260,4804.00,'2025-09-09 04:53:58','card','2025-09-27 11:33:45','2025-09-27 11:33:45'),
	(453,388,2061.00,'2025-09-24 07:51:48','cash','2025-09-27 11:33:45','2025-09-27 11:33:45'),
	(454,216,4194.00,'2025-08-28 03:10:29','bank','2025-09-27 11:33:45','2025-09-27 11:33:45'),
	(455,4,1352.00,'2025-08-20 05:32:57','nagad','2025-09-27 11:33:45','2025-09-27 11:33:45'),
	(456,182,1823.00,'2025-07-28 06:04:15','cash','2025-09-27 11:33:45','2025-09-27 11:33:45'),
	(457,437,3390.00,'2025-09-15 23:16:28','bkash','2025-09-27 11:33:45','2025-09-27 11:33:45'),
	(458,53,4529.00,'2025-08-15 12:42:32','cash','2025-09-27 11:33:45','2025-09-27 11:33:45'),
	(459,222,4062.00,'2025-08-28 05:44:37','bank','2025-09-27 11:33:45','2025-09-27 11:33:45'),
	(460,90,1342.00,'2025-08-25 14:57:06','card','2025-09-27 11:33:45','2025-09-27 11:33:45'),
	(461,300,2640.00,'2025-08-22 09:14:17','nagad','2025-09-27 11:33:45','2025-09-27 11:33:45'),
	(462,388,3427.00,'2025-09-11 03:22:00','bank','2025-09-27 11:33:45','2025-09-27 11:33:45'),
	(463,158,1642.00,'2025-08-18 16:49:11','nagad','2025-09-27 11:33:45','2025-09-27 11:33:45'),
	(464,493,1899.00,'2025-08-02 12:18:58','card','2025-09-27 11:33:45','2025-09-27 11:33:45'),
	(465,126,1640.00,'2025-08-12 10:10:55','nagad','2025-09-27 11:33:45','2025-09-27 11:33:45'),
	(466,172,4021.00,'2025-08-01 21:39:24','card','2025-09-27 11:33:45','2025-09-27 11:33:45'),
	(467,490,2763.00,'2025-08-23 16:18:20','card','2025-09-27 11:33:45','2025-09-27 11:33:45'),
	(468,114,3372.00,'2025-09-20 17:53:46','card','2025-09-27 11:33:45','2025-09-27 11:33:45'),
	(469,123,2651.00,'2025-07-27 11:37:55','card','2025-09-27 11:33:45','2025-09-27 11:33:45'),
	(470,473,3377.00,'2025-09-04 23:09:36','card','2025-09-27 11:33:45','2025-09-27 11:33:45'),
	(471,66,1567.00,'2025-08-20 10:09:54','bkash','2025-09-27 11:33:45','2025-09-27 11:33:45'),
	(472,54,1051.00,'2025-08-25 08:43:56','bank','2025-09-27 11:33:45','2025-09-27 11:33:45'),
	(473,385,2974.00,'2025-07-31 13:37:50','cash','2025-09-27 11:33:45','2025-09-27 11:33:45'),
	(474,315,830.00,'2025-09-25 04:19:43','bank','2025-09-27 11:33:45','2025-09-27 11:33:45'),
	(475,447,2239.00,'2025-07-29 14:48:35','bank','2025-09-27 11:33:45','2025-09-27 11:33:45'),
	(476,321,3752.00,'2025-08-24 16:27:35','card','2025-09-27 11:33:45','2025-09-27 11:33:45'),
	(477,334,4777.00,'2025-08-15 12:49:05','card','2025-09-27 11:33:45','2025-09-27 11:33:45'),
	(478,79,1452.00,'2025-09-18 13:35:11','nagad','2025-09-27 11:33:45','2025-09-27 11:33:45'),
	(479,494,4354.00,'2025-09-25 19:14:58','cash','2025-09-27 11:33:45','2025-09-27 11:33:45'),
	(480,353,2616.00,'2025-09-05 07:59:03','bank','2025-09-27 11:33:45','2025-09-27 11:33:45'),
	(481,283,2818.00,'2025-09-07 10:19:38','bank','2025-09-27 11:33:45','2025-09-27 11:33:45'),
	(482,472,2063.00,'2025-07-30 01:27:22','bkash','2025-09-27 11:33:45','2025-09-27 11:33:45'),
	(483,182,1590.00,'2025-08-23 15:47:31','card','2025-09-27 11:33:45','2025-09-27 11:33:45'),
	(484,491,1819.00,'2025-09-06 18:27:05','bank','2025-09-27 11:33:45','2025-09-27 11:33:45'),
	(485,492,4816.00,'2025-08-08 00:23:08','bkash','2025-09-27 11:33:45','2025-09-27 11:33:45'),
	(486,343,783.00,'2025-09-19 20:17:56','cash','2025-09-27 11:33:45','2025-09-27 11:33:45'),
	(487,461,3693.00,'2025-08-29 20:25:56','bank','2025-09-27 11:33:45','2025-09-27 11:33:45'),
	(488,279,1902.00,'2025-09-27 00:59:11','card','2025-09-27 11:33:45','2025-09-27 11:33:45'),
	(489,327,762.00,'2025-08-09 08:13:22','bkash','2025-09-27 11:33:45','2025-09-27 11:33:45'),
	(490,305,2292.00,'2025-09-06 11:06:51','nagad','2025-09-27 11:33:45','2025-09-27 11:33:45'),
	(491,164,1739.00,'2025-09-26 21:46:24','card','2025-09-27 11:33:45','2025-09-27 11:33:45'),
	(492,348,3382.00,'2025-09-19 12:33:09','bkash','2025-09-27 11:33:45','2025-09-27 11:33:45'),
	(493,2,1833.00,'2025-08-21 03:13:04','nagad','2025-09-27 11:33:45','2025-09-27 11:33:45'),
	(494,454,4217.00,'2025-08-15 03:24:55','bkash','2025-09-27 11:33:45','2025-09-27 11:33:45'),
	(495,66,575.00,'2025-09-09 00:35:03','nagad','2025-09-27 11:33:45','2025-09-27 11:33:45'),
	(496,185,4201.00,'2025-09-02 05:10:47','card','2025-09-27 11:33:45','2025-09-27 11:33:45'),
	(497,80,4677.00,'2025-09-04 01:46:21','nagad','2025-09-27 11:33:45','2025-09-27 11:33:45'),
	(498,389,3672.00,'2025-08-29 22:09:59','card','2025-09-27 11:33:45','2025-09-27 11:33:45'),
	(499,94,2678.00,'2025-09-17 14:29:39','cash','2025-09-27 11:33:45','2025-09-27 11:33:45'),
	(500,229,3894.00,'2025-09-04 15:26:06','bank','2025-09-27 11:33:45','2025-09-27 11:33:45');

/*!40000 ALTER TABLE `payments` ENABLE KEYS */;
UNLOCK TABLES;


# Dump of table sessions
# ------------------------------------------------------------

DROP TABLE IF EXISTS `sessions`;

CREATE TABLE `sessions` (
  `id` varchar(255) COLLATE utf8mb4_unicode_ci NOT NULL,
  `user_id` bigint unsigned DEFAULT NULL,
  `ip_address` varchar(45) COLLATE utf8mb4_unicode_ci DEFAULT NULL,
  `user_agent` text COLLATE utf8mb4_unicode_ci,
  `payload` longtext COLLATE utf8mb4_unicode_ci NOT NULL,
  `last_activity` int NOT NULL,
  PRIMARY KEY (`id`),
  KEY `sessions_user_id_index` (`user_id`),
  KEY `sessions_last_activity_index` (`last_activity`)
) ENGINE=InnoDB DEFAULT CHARSET=utf8mb4 COLLATE=utf8mb4_unicode_ci;



# Dump of table tenants
# ------------------------------------------------------------

DROP TABLE IF EXISTS `tenants`;

CREATE TABLE `tenants` (
  `id` bigint unsigned NOT NULL AUTO_INCREMENT,
  `owner_id` bigint unsigned NOT NULL,
  `building_id` bigint unsigned NOT NULL,
  `name` varchar(255) COLLATE utf8mb4_unicode_ci NOT NULL,
  `email` varchar(255) COLLATE utf8mb4_unicode_ci DEFAULT NULL,
  `phone` varchar(255) COLLATE utf8mb4_unicode_ci DEFAULT NULL,
  `created_at` timestamp NULL DEFAULT NULL,
  `updated_at` timestamp NULL DEFAULT NULL,
  PRIMARY KEY (`id`),
  KEY `tenants_building_id_foreign` (`building_id`),
  KEY `tenants_owner_id_building_id_index` (`owner_id`,`building_id`),
  CONSTRAINT `tenants_building_id_foreign` FOREIGN KEY (`building_id`) REFERENCES `buildings` (`id`) ON DELETE CASCADE,
  CONSTRAINT `tenants_owner_id_foreign` FOREIGN KEY (`owner_id`) REFERENCES `users` (`id`) ON DELETE CASCADE
) ENGINE=InnoDB DEFAULT CHARSET=utf8mb4 COLLATE=utf8mb4_unicode_ci;

LOCK TABLES `tenants` WRITE;
/*!40000 ALTER TABLE `tenants` DISABLE KEYS */;

INSERT INTO `tenants` (`id`, `owner_id`, `building_id`, `name`, `email`, `phone`, `created_at`, `updated_at`)
VALUES
	(1,2,1,'Marianne Goldner','amann@yahoo.com','+1.508.270.8445','2025-09-27 11:33:44','2025-09-27 11:33:44'),
	(2,3,2,'Ms. Etha Ryan','nelson.kshlerin@hoppe.org','+1-743-371-7071','2025-09-27 11:33:44','2025-09-27 11:33:44'),
	(3,7,5,'Lavon Boyle','orville15@yahoo.com','+1 (847) 958-5251','2025-09-27 11:33:44','2025-09-27 11:33:44'),
	(4,3,6,'Ms. Bella Hackett','amurazik@yahoo.com','1-562-408-1187','2025-09-27 11:33:44','2025-09-27 11:33:44'),
	(5,7,8,'Dr. Leonora Rolfson','buck.stehr@jakubowski.org','+12057655817','2025-09-27 11:33:44','2025-09-27 11:33:44'),
	(6,7,9,'Ms. Pat Cartwright','lester.turner@marks.com','+1-515-807-6123','2025-09-27 11:33:44','2025-09-27 11:33:44'),
	(7,3,12,'Benedict Ritchie','alfonzo.marks@ziemann.org','(574) 883-9124','2025-09-27 11:33:44','2025-09-27 11:33:44'),
	(8,2,13,'Andreane Ward','idella.bailey@gmail.com','458.390.1269','2025-09-27 11:33:44','2025-09-27 11:33:44'),
	(9,3,14,'Thad Yundt','oma.batz@yahoo.com','+18288412991','2025-09-27 11:33:44','2025-09-27 11:33:44'),
	(10,8,16,'Jules Kunde','antonietta.bradtke@schmitt.com','+13186430213','2025-09-27 11:33:44','2025-09-27 11:33:44'),
	(11,9,17,'Mrs. Amaya Eichmann Jr.','grobel@haley.com','870-384-2937','2025-09-27 11:33:44','2025-09-27 11:33:44'),
	(12,9,18,'Pete Block','katherine65@gmail.com','+1-803-501-7651','2025-09-27 11:33:44','2025-09-27 11:33:44'),
	(13,4,21,'Herta Marks II','bosco.joan@yahoo.com','+1 (267) 800-9516','2025-09-27 11:33:44','2025-09-27 11:33:44'),
	(14,6,23,'Isadore Oberbrunner','jevon84@bailey.com','253.326.2365','2025-09-27 11:33:44','2025-09-27 11:33:44'),
	(15,9,27,'Jodie Abernathy','kelvin24@kihn.biz','+1-615-515-0970','2025-09-27 11:33:44','2025-09-27 11:33:44'),
	(16,7,28,'Raina Raynor','cathrine.dietrich@yahoo.com','+1 (208) 799-1164','2025-09-27 11:33:44','2025-09-27 11:33:44'),
	(17,3,29,'Angeline Langosh Jr.','isai72@schneider.com','484-502-1743','2025-09-27 11:33:44','2025-09-27 11:33:44'),
	(18,3,31,'Vanessa Cole','hfranecki@dietrich.com','+1 (810) 832-7622','2025-09-27 11:33:44','2025-09-27 11:33:44'),
	(19,4,32,'Mr. Osvaldo Powlowski DDS','smith.oswald@dicki.com','848.792.9204','2025-09-27 11:33:44','2025-09-27 11:33:44'),
	(20,2,33,'Dr. Friedrich Rutherford','xbechtelar@hotmail.com','+1 (609) 631-9953','2025-09-27 11:33:44','2025-09-27 11:33:44'),
	(21,7,34,'Rafaela Schaefer','adela.turcotte@hotmail.com','+1-949-610-1432','2025-09-27 11:33:44','2025-09-27 11:33:44'),
	(22,4,35,'Brook Ward','duane.nolan@yahoo.com','+1 (561) 815-2961','2025-09-27 11:33:44','2025-09-27 11:33:44'),
	(23,3,36,'Prof. Torey Koelpin I','jeffry.cassin@yahoo.com','+1-425-484-5084','2025-09-27 11:33:44','2025-09-27 11:33:44'),
	(24,7,38,'Prof. Thurman Howell Sr.','koelpin.leola@koss.com','+1 (772) 678-2943','2025-09-27 11:33:44','2025-09-27 11:33:44'),
	(25,6,39,'Roger Hirthe MD','rosalia.ebert@gmail.com','+1-364-395-9876','2025-09-27 11:33:44','2025-09-27 11:33:44'),
	(26,2,41,'Ms. Ayana Braun II','haven.leuschke@mitchell.com','+1-330-200-6560','2025-09-27 11:33:44','2025-09-27 11:33:44'),
	(27,3,43,'Prof. Savannah Hodkiewicz Sr.','houston27@reynolds.com','+1.801.246.8389','2025-09-27 11:33:44','2025-09-27 11:33:44'),
	(28,7,44,'Waylon Hamill Sr.','juanita18@gmail.com','(225) 983-0612','2025-09-27 11:33:44','2025-09-27 11:33:44'),
	(29,3,45,'Dr. Rod Kilback','brionna.morissette@yahoo.com','201-522-2657','2025-09-27 11:33:44','2025-09-27 11:33:44'),
	(30,2,46,'Ms. Bryana Raynor','ctromp@huels.biz','+18203064775','2025-09-27 11:33:44','2025-09-27 11:33:44'),
	(31,9,48,'Ms. Alize Wisoky Sr.','tobin.mayer@yahoo.com','+1-912-477-2485','2025-09-27 11:33:44','2025-09-27 11:33:44'),
	(32,8,50,'Eliza Tromp','kiehn.sienna@hotmail.com','+1-720-643-7207','2025-09-27 11:33:44','2025-09-27 11:33:44');

/*!40000 ALTER TABLE `tenants` ENABLE KEYS */;
UNLOCK TABLES;


# Dump of table users
# ------------------------------------------------------------

DROP TABLE IF EXISTS `users`;

CREATE TABLE `users` (
  `id` bigint unsigned NOT NULL AUTO_INCREMENT,
  `name` varchar(255) COLLATE utf8mb4_unicode_ci NOT NULL,
  `email` varchar(255) COLLATE utf8mb4_unicode_ci NOT NULL,
  `email_verified_at` timestamp NULL DEFAULT NULL,
  `password` varchar(255) COLLATE utf8mb4_unicode_ci NOT NULL,
  `role` enum('admin','owner') COLLATE utf8mb4_unicode_ci NOT NULL DEFAULT 'owner',
  `remember_token` varchar(100) COLLATE utf8mb4_unicode_ci DEFAULT NULL,
  `created_at` timestamp NULL DEFAULT NULL,
  `updated_at` timestamp NULL DEFAULT NULL,
  PRIMARY KEY (`id`),
  UNIQUE KEY `users_email_unique` (`email`)
) ENGINE=InnoDB DEFAULT CHARSET=utf8mb4 COLLATE=utf8mb4_unicode_ci;

LOCK TABLES `users` WRITE;
/*!40000 ALTER TABLE `users` DISABLE KEYS */;

INSERT INTO `users` (`id`, `name`, `email`, `email_verified_at`, `password`, `role`, `remember_token`, `created_at`, `updated_at`)
VALUES
	(1,'Admin User','admin@mail.com',NULL,'$2y$12$QDfyRsDw4E08aBd.LTXSaOUY2lLnL1VB.03Za6GvdTorTQjbfAyi2','admin',NULL,'2025-09-27 11:33:43','2025-09-27 11:33:43'),
	(2,'Owner User','owner@mail.com',NULL,'$2y$12$A1PUR7oKlBLKU6PjlxaeM.PnuTOfH/GK4/QA3BOY0PpAKlroOQz2.','owner',NULL,'2025-09-27 11:33:43','2025-09-27 11:33:43'),
	(3,'Paige Lynch','pierce.krajcik@example.com','2025-09-27 11:33:43','$2y$12$STjPLOMOBHFCvDURIGb8f.cM9ZkH6chLeQD.pYDlN4vWolQnrqwKi','owner','TfTAIl6T7G','2025-09-27 11:33:44','2025-09-27 11:33:44'),
	(4,'Casimer Mohr','annabell.schmeler@example.net','2025-09-27 11:33:44','$2y$12$STjPLOMOBHFCvDURIGb8f.cM9ZkH6chLeQD.pYDlN4vWolQnrqwKi','owner','h2eMQ9sG2v','2025-09-27 11:33:44','2025-09-27 11:33:44'),
	(5,'Shaun Hegmann DDS','jdach@example.com','2025-09-27 11:33:44','$2y$12$STjPLOMOBHFCvDURIGb8f.cM9ZkH6chLeQD.pYDlN4vWolQnrqwKi','owner','lFDQr9lIzi','2025-09-27 11:33:44','2025-09-27 11:33:44'),
	(6,'Shea Rempel','river47@example.com','2025-09-27 11:33:44','$2y$12$STjPLOMOBHFCvDURIGb8f.cM9ZkH6chLeQD.pYDlN4vWolQnrqwKi','owner','zLAG4vREcS','2025-09-27 11:33:44','2025-09-27 11:33:44'),
	(7,'Janie Schiller','eberge@example.com','2025-09-27 11:33:44','$2y$12$STjPLOMOBHFCvDURIGb8f.cM9ZkH6chLeQD.pYDlN4vWolQnrqwKi','owner','BL6nShwcbc','2025-09-27 11:33:44','2025-09-27 11:33:44'),
	(8,'Dulce Volkman','rolfson.marisa@example.org','2025-09-27 11:33:44','$2y$12$STjPLOMOBHFCvDURIGb8f.cM9ZkH6chLeQD.pYDlN4vWolQnrqwKi','owner','c3S36tZMu2','2025-09-27 11:33:44','2025-09-27 11:33:44'),
	(9,'Dr. Christy Goldner DDS','stanford.raynor@example.com','2025-09-27 11:33:44','$2y$12$STjPLOMOBHFCvDURIGb8f.cM9ZkH6chLeQD.pYDlN4vWolQnrqwKi','owner','2xbl6dIjZm','2025-09-27 11:33:44','2025-09-27 11:33:44'),
	(10,'Mr. Marley Williamson MD','delta.graham@example.com','2025-09-27 11:33:44','$2y$12$STjPLOMOBHFCvDURIGb8f.cM9ZkH6chLeQD.pYDlN4vWolQnrqwKi','owner','1PZVlHx6Hh','2025-09-27 11:33:44','2025-09-27 11:33:44');

/*!40000 ALTER TABLE `users` ENABLE KEYS */;
UNLOCK TABLES;



/*!40111 SET SQL_NOTES=@OLD_SQL_NOTES */;
/*!40101 SET SQL_MODE=@OLD_SQL_MODE */;
/*!40014 SET FOREIGN_KEY_CHECKS=@OLD_FOREIGN_KEY_CHECKS */;
/*!40101 SET CHARACTER_SET_CLIENT=@OLD_CHARACTER_SET_CLIENT */;
/*!40101 SET CHARACTER_SET_RESULTS=@OLD_CHARACTER_SET_RESULTS */;
/*!40101 SET COLLATION_CONNECTION=@OLD_COLLATION_CONNECTION */;
